,Symbol,Series,Date,Prev Close,Open Price,High Price,Low Price,Last Price,Close Price,Average Price,Total Traded Quantity,Turnover,No. of Trades,Deliverable Qty,% Dly Qt to Traded Qty,upper_band,lower_band,avg,jet_sd
0,JETAIRWAYS,EQ,15-May-2017,519.45,520.0,533.4,517.1,527.8,527.5,526.08,1837033,966429811.4,25433,430754,23.45,,,,
1,JETAIRWAYS,EQ,16-May-2017,527.5,527.0,536.5,524.65,534.0,534.15,531.79,1382182,735036275.45,23991,284837,20.61,,,,
2,JETAIRWAYS,EQ,17-May-2017,534.15,532.0,534.75,526.2,530.0,528.9,529.75,690466,365774206.0,10219,53551,7.76,,,,
3,JETAIRWAYS,EQ,18-May-2017,528.9,525.15,538.6,517.5,517.7,522.7,529.55,1701102,900810165.8,25651,309608,18.2,,,,
4,JETAIRWAYS,EQ,19-May-2017,522.7,525.6,532.9,517.45,521.0,520.4,524.69,1272799,667824672.75,20409,257037,20.19,,,,
5,JETAIRWAYS,EQ,22-May-2017,520.4,521.7,525.15,469.0,479.5,475.65,491.44,3217513,1581202627.25,46980,659957,20.51,,,,
6,JETAIRWAYS,EQ,23-May-2017,475.65,485.0,489.0,465.3,471.9,472.85,477.05,2924779,1395251624.6,38240,255332,8.73,,,,
7,JETAIRWAYS,EQ,24-May-2017,472.85,473.3,479.9,458.0,466.0,464.8,468.39,2343019,1097440973.45,37266,402723,17.19,,,,
8,JETAIRWAYS,EQ,25-May-2017,464.8,468.1,473.3,459.9,469.7,468.95,467.5,1917412,896385540.8,25019,435427,22.71,,,,
9,JETAIRWAYS,EQ,26-May-2017,468.95,477.7,491.75,475.1,483.75,483.4,484.19,2668448,1292044525.35,29370,350943,13.15,,,,
10,JETAIRWAYS,EQ,29-May-2017,483.4,481.7,485.35,470.0,476.3,474.6,477.85,949984,453951592.6,12123,111663,11.75,,,,
11,JETAIRWAYS,EQ,30-May-2017,474.6,471.0,475.05,454.5,458.0,459.65,463.0,1804222,835362146.05,23946,259546,14.39,,,,
12,JETAIRWAYS,EQ,31-May-2017,459.65,439.0,482.0,438.25,478.65,477.9,466.81,8231445,3842523967.95,95239,490441,5.96,,,,
13,JETAIRWAYS,EQ,01-Jun-2017,477.9,481.0,487.5,467.55,485.0,484.5,477.04,2948808,1406713262.5,41770,433395,14.7,547.2740880795311,437.8616262061831,492.5678571428571,27.353115468337013
14,JETAIRWAYS,EQ,02-Jun-2017,484.5,485.0,489.75,478.8,483.8,484.85,484.38,1484965,719287679.35,19135,127407,8.58,540.4690293194327,438.5738278234245,489.5214285714286,25.473800374002067
15,JETAIRWAYS,EQ,05-Jun-2017,484.85,482.0,500.5,479.0,499.85,497.15,490.69,2013452,987985368.7,25179,259591,12.89,531.2704922854418,442.48665057170103,486.87857142857143,22.195960428435207
16,JETAIRWAYS,EQ,06-Jun-2017,497.15,502.5,508.0,493.2,497.7,497.2,500.25,2998048,1499783791.95,37769,239330,7.98,522.5354271400522,446.69314428851936,484.61428571428576,18.960570712883207
17,JETAIRWAYS,EQ,07-Jun-2017,497.2,500.8,515.4,496.0,514.55,509.1,504.11,1886376,950943309.55,24059,376830,19.98,517.8789572339973,449.4067570517172,483.6428571428572,17.11805004557002
18,JETAIRWAYS,EQ,08-Jun-2017,509.1,524.0,527.0,516.0,520.0,519.8,521.62,3777232,1970264565.7,46564,326511,8.64,517.6388239876402,449.5611760123599,483.6000000000001,17.019411993820082
19,JETAIRWAYS,EQ,09-Jun-2017,519.8,520.9,530.5,514.55,528.7,527.95,523.3,2236841,1170539767.7,30138,285844,12.78,528.3757590557349,446.29566951569393,487.3357142857144,20.520022385010243
20,JETAIRWAYS,EQ,12-Jun-2017,527.95,524.0,538.6,524.0,534.8,534.8,533.72,2316549,1236378972.35,38546,322264,13.91,538.9683436979745,444.5530848734543,491.7607142857144,23.603814706130063
21,JETAIRWAYS,EQ,13-Jun-2017,534.8,535.1,539.95,528.3,529.1,530.3,534.91,1802366,964101900.45,23646,270187,14.99,545.0974999559411,447.7810714726305,496.4392857142858,24.329107120827647
22,JETAIRWAYS,EQ,14-Jun-2017,530.3,530.2,536.7,525.3,532.9,532.85,530.73,1522657,808124152.5,18512,299241,19.65,550.5342684260393,451.47287443110383,501.00357142857155,24.765348498733864
23,JETAIRWAYS,EQ,15-Jun-2017,532.85,536.8,547.0,532.95,533.5,534.3,540.32,2706366,1462299671.85,31823,270436,9.99,556.0408747135413,453.23769671503055,504.6392857142859,25.700794499627662
24,JETAIRWAYS,EQ,16-Jun-2017,534.3,539.45,545.4,536.2,540.0,540.65,541.06,1770157,957756585.4,24938,216143,12.21,561.0059548494802,457.7083308648058,509.357142857143,25.824405996168608
25,JETAIRWAYS,EQ,19-Jun-2017,540.65,542.0,549.4,541.0,545.7,545.0,545.97,1457930,795983986.3,19677,190677,13.08,561.6936882817265,469.2134545754166,515.4535714285715,23.120058426577465
26,JETAIRWAYS,EQ,20-Jun-2017,545.0,548.2,555.8,545.5,549.0,549.35,550.41,1958913,1078209278.85,24094,239044,12.2,564.6655034311599,476.4487822831262,520.557142857143,22.054180287008435
27,JETAIRWAYS,EQ,21-Jun-2017,549.35,556.0,571.8,553.15,567.0,565.65,564.95,4328418,2445354647.5,50121,618828,14.3,571.36945690309,481.33768595405314,526.3535714285716,22.50794273725923
28,JETAIRWAYS,EQ,22-Jun-2017,565.65,570.8,576.0,565.55,568.0,568.45,572.28,2207590,1263366680.35,35713,290296,13.15,575.7770026979375,488.8729973020628,532.3250000000002,21.726001348968687
29,JETAIRWAYS,EQ,23-Jun-2017,568.45,572.0,572.85,549.5,559.95,558.55,560.09,1972589,1104819779.65,25870,212648,10.78,577.1598690467122,496.26155952471686,536.7107142857145,20.224577380498836
30,JETAIRWAYS,EQ,27-Jun-2017,558.55,560.0,562.45,547.65,553.2,552.3,553.03,970063,536471328.9,13910,138865,14.32,574.7616510768358,506.5312060660218,540.6464285714288,17.057611252703506
31,JETAIRWAYS,EQ,28-Jun-2017,552.3,549.3,572.5,544.4,571.8,569.35,561.02,2742480,1538596694.75,34619,454812,16.58,577.0648659561994,512.835134043801,544.9500000000002,16.05743297809957
32,JETAIRWAYS,EQ,29-Jun-2017,569.35,573.05,577.85,566.2,568.8,569.4,571.15,1981170,1131536128.0,25918,216605,10.93,579.5832429222605,517.4024713634542,548.4928571428574,15.545192889701559
33,JETAIRWAYS,EQ,30-Jun-2017,569.4,566.4,567.0,552.4,562.05,564.05,560.25,1459570,817720467.3,16370,132403,9.07,580.7798504357817,521.3630067070759,551.0714285714288,14.854210932176423
34,JETAIRWAYS,EQ,03-Jul-2017,564.05,566.0,589.2,553.15,583.45,582.9,571.54,2780579,1589224927.9,31802,220889,7.94,587.0952921222902,521.918993591996,554.5071428571431,16.294074632573523
35,JETAIRWAYS,EQ,04-Jul-2017,582.9,585.05,588.0,573.65,576.5,577.5,580.48,2228908,1293826859.4,27053,165896,7.44,589.4283541728129,526.3287886843303,557.8785714285716,15.774891372120646
36,JETAIRWAYS,EQ,05-Jul-2017,577.5,578.9,584.0,571.1,582.0,582.05,577.53,1548300,894189931.55,18279,117603,7.6,591.8758374419048,530.9098768438097,561.3928571428572,15.241490149523795
37,JETAIRWAYS,EQ,06-Jul-2017,582.05,583.0,596.7,581.0,592.45,591.95,590.35,2659254,1569879031.55,33873,307849,11.58,595.8029366581943,535.2184919132346,565.5107142857145,15.146111186239935
38,JETAIRWAYS,EQ,07-Jul-2017,591.95,594.3,598.0,585.35,588.8,590.7,590.87,1622824,958878955.85,20345,178970,11.03,598.541167707174,539.630260864255,569.0857142857145,14.727726710729758
39,JETAIRWAYS,EQ,10-Jul-2017,590.7,602.0,607.7,589.05,607.0,605.95,601.94,835908,503170520.6,10121,120619,14.43,605.464664558414,541.4139068701578,573.4392857142859,16.012689422064035
40,JETAIRWAYS,EQ,11-Jul-2017,605.95,615.45,624.0,603.0,604.6,605.1,614.39,3299965,2027475871.75,43606,294094,8.91,610.3940679115693,544.4487892312883,577.4214285714288,16.48631967007025
41,JETAIRWAYS,EQ,12-Jul-2017,605.1,605.1,611.95,596.2,608.15,609.7,605.46,1728744,1046678881.2,25516,161963,9.37,616.934041924938,544.2016723607768,580.5678571428574,18.183092391040304
42,JETAIRWAYS,EQ,13-Jul-2017,609.7,611.0,617.75,606.7,615.1,614.75,611.88,1540588,942648842.45,21265,262288,17.03,623.7462495222009,544.0037504777998,583.8750000000003,19.935624761100243
43,JETAIRWAYS,EQ,14-Jul-2017,614.75,617.5,621.8,607.1,616.5,617.05,614.74,1492805,917688175.0,20390,164157,11.0,628.7451215679716,547.3620212891719,588.0535714285718,20.345775069699904
44,JETAIRWAYS,EQ,17-Jul-2017,617.05,616.5,621.95,608.0,608.95,611.4,616.52,1263636,779052534.15,17892,208934,16.53,629.0638308719256,555.4861691280753,592.2750000000004,18.39441543596258
45,JETAIRWAYS,EQ,18-Jul-2017,611.4,607.0,615.9,603.3,606.0,605.35,609.38,1164357,709539353.05,14460,96323,8.27,629.7151375829754,559.9777195598825,594.846428571429,17.434354505773246
46,JETAIRWAYS,EQ,19-Jul-2017,605.35,609.35,613.95,605.1,609.25,609.7,609.24,816229,497280600.65,11584,102268,12.53,630.1098908265293,565.3401091734717,597.7250000000005,16.19244541326441
47,JETAIRWAYS,EQ,20-Jul-2017,609.7,608.9,609.0,590.3,590.8,591.9,598.27,1186503,709843841.8,17073,210507,17.74,626.0439247188364,573.3846467097361,599.7142857142862,13.16481950227508
48,JETAIRWAYS,EQ,21-Jul-2017,591.9,590.0,601.9,580.0,592.8,597.15,589.87,1459221,860754385.3,23258,152708,10.47,625.3048796930034,576.1594060212833,600.7321428571433,12.28636841793004
49,JETAIRWAYS,EQ,24-Jul-2017,597.15,590.0,605.8,590.0,597.55,598.55,599.67,1177712,706238996.45,17612,114029,9.68,622.9594809678251,581.5119476036043,602.2357142857147,10.361883341055181
50,JETAIRWAYS,EQ,25-Jul-2017,598.55,599.8,601.0,584.0,586.25,587.4,592.64,1076403,637915821.4,16736,201189,18.69,621.8842730062148,583.3514412795004,602.6178571428576,9.63320793167861
51,JETAIRWAYS,EQ,26-Jul-2017,587.4,585.0,593.5,582.1,585.3,584.9,587.8,963499,566342661.6,15908,94825,9.84,622.8911377958124,581.3374336327598,602.1142857142861,10.38842604076316
52,JETAIRWAYS,EQ,27-Jul-2017,584.9,587.6,587.8,571.5,572.7,573.55,580.1,1064637,617592427.55,15818,121045,11.37,626.1118390704045,575.6667323581677,600.8892857142861,12.611276678059205
53,JETAIRWAYS,EQ,28-Jul-2017,573.55,572.0,599.75,568.4,597.05,596.25,588.23,2347037,1380597695.45,29907,311635,13.28,625.3529681489725,575.039888993885,600.1964285714288,12.578269788771879
54,JETAIRWAYS,EQ,31-Jul-2017,596.25,598.75,603.7,592.1,596.0,596.7,598.08,1119540,669579183.6,15270,87555,7.82,624.6496477499862,574.5432093928715,599.5964285714289,12.526609589278664
55,JETAIRWAYS,EQ,01-Aug-2017,596.7,602.1,607.0,592.2,592.75,595.5,599.46,1257476,753809769.5,17555,123407,9.81,623.0154305902869,574.1488551239994,598.5821428571431,12.216643866571845
56,JETAIRWAYS,EQ,02-Aug-2017,595.5,597.0,601.0,588.45,590.75,591.35,594.91,907780,540050345.5,17318,105807,11.66,619.7276843053986,574.0937442660305,596.9107142857146,11.40848500984201
57,JETAIRWAYS,EQ,03-Aug-2017,591.35,592.9,599.0,584.05,584.75,588.15,592.05,1121303,663871926.65,16539,189295,16.88,614.8733129746788,574.8195441681789,594.8464285714289,10.01344220162496
58,JETAIRWAYS,EQ,04-Aug-2017,588.15,589.0,614.0,584.05,614.0,609.4,599.93,1421406,852743935.35,27201,223860,15.75,614.2444345024066,575.1627083547369,594.7035714285718,9.770431536917465
59,JETAIRWAYS,EQ,07-Aug-2017,609.4,615.0,637.35,610.1,633.5,633.9,624.18,2693245,1681063466.7,37553,336083,12.48,625.0586004437378,568.427113841977,596.7428571428574,14.157871650440205
60,JETAIRWAYS,EQ,08-Aug-2017,633.9,630.15,646.0,626.1,631.25,630.2,636.81,2991187,1904829240.45,37052,197588,6.61,631.1512180135674,565.2630677007189,598.2071428571431,16.472037578212085
61,JETAIRWAYS,EQ,09-Aug-2017,630.2,628.9,636.75,609.1,612.6,613.7,625.47,1480023,925712415.4,23967,140666,9.5,633.4760373419045,566.0525340866676,599.7642857142861,16.855875813809227
62,JETAIRWAYS,EQ,10-Aug-2017,613.7,615.0,615.0,550.3,562.0,560.3,576.02,3028441,1744432917.5,38516,440906,14.56,636.9284242285105,557.3358614857757,597.1321428571431,19.898140685683707
63,JETAIRWAYS,EQ,11-Aug-2017,560.3,546.9,575.4,517.0,555.25,557.3,555.38,2382960,1323443486.35,28586,259213,10.88,639.28463851937,549.0867900520591,594.1857142857145,22.549462116827726
64,JETAIRWAYS,EQ,14-Aug-2017,557.3,562.8,571.5,558.65,564.05,564.7,565.9,1381147,781585885.8,15682,96071,6.96,640.2709926862613,544.8575787423108,592.564285714286,23.853353485987636
65,JETAIRWAYS,EQ,16-Aug-2017,564.7,568.0,592.0,560.8,585.55,587.05,582.56,2490425,1450827196.55,30165,166857,6.7,640.3320374343966,545.1036768513184,592.7178571428575,23.807090145769546
66,JETAIRWAYS,EQ,17-Aug-2017,587.05,591.95,602.95,586.5,591.55,591.2,595.88,1407443,838668437.2,19258,118886,8.45,640.3242743127034,547.6328685444403,593.9785714285719,23.172851442065788
67,JETAIRWAYS,EQ,18-Aug-2017,591.2,588.8,590.9,568.95,579.0,580.25,579.81,1397501,810291883.9,19834,79244,5.67,639.7260352251392,545.9453933462903,592.8357142857147,23.445160469712196
68,JETAIRWAYS,EQ,21-Aug-2017,580.25,578.25,578.25,553.7,562.4,559.85,563.66,1699952,958199537.4,23202,225822,13.28,640.1940699763455,540.2130728807982,590.2035714285719,24.995249273886852
69,JETAIRWAYS,EQ,22-Aug-2017,559.85,563.0,568.6,546.35,559.9,556.75,558.07,1571820,877180895.75,22572,95526,6.08,640.3674472220957,534.5039813493336,587.4357142857147,26.465866468190523
70,JETAIRWAYS,EQ,23-Aug-2017,556.75,560.0,578.2,557.2,572.8,574.4,568.8,1461328,831210600.3,22093,110877,7.59,639.5450315944282,532.9049684055725,586.2250000000004,26.66001579721391
71,JETAIRWAYS,EQ,24-Aug-2017,574.4,570.25,576.25,566.1,574.1,574.25,571.29,1351241,771949994.3,20082,70107,5.19,638.9141926738881,531.5500930403983,585.2321428571432,26.841024908372457
72,JETAIRWAYS,EQ,28-Aug-2017,574.25,574.2,584.9,570.65,573.05,574.6,578.59,1095329,633742599.7,15134,90460,8.26,634.806105338145,530.6867518047129,582.746428571429,26.029838383358005
73,JETAIRWAYS,EQ,29-Aug-2017,574.6,569.5,572.35,543.8,545.5,545.7,555.86,2651717,1473973353.1,39079,373668,14.09,622.8833910422505,530.0094661006077,576.4464285714291,23.218481235410728
74,JETAIRWAYS,EQ,30-Aug-2017,545.7,546.05,564.65,546.05,559.05,560.5,556.11,2409777,1340089930.35,33649,193460,8.03,606.664483011362,536.2712312743535,571.4678571428577,17.59831293425213
75,JETAIRWAYS,EQ,31-Aug-2017,560.5,563.35,582.6,556.4,579.0,578.5,569.09,2562094,1458052095.2,32049,301373,11.76,594.9920182771399,542.9151245800039,568.9535714285719,13.019223424284013
76,JETAIRWAYS,EQ,01-Sep-2017,578.5,579.0,584.95,572.0,577.4,578.35,578.88,1396558,808442799.95,16588,101850,7.29,596.2229636489119,544.2627506368033,570.2428571428576,12.99005325302713
77,JETAIRWAYS,EQ,04-Sep-2017,578.35,575.6,576.15,559.6,568.6,569.8,567.76,1370547,778142459.5,17150,67818,4.95,596.0364843872264,546.234944184203,571.1357142857147,12.450385050755875
78,JETAIRWAYS,EQ,05-Sep-2017,569.8,571.0,582.8,569.1,577.0,576.65,577.7,1183092,683477664.8,16380,91883,7.77,596.7586581969875,547.2199132315849,571.9892857142862,12.38468624135069
79,JETAIRWAYS,EQ,06-Sep-2017,576.65,576.9,584.9,571.0,581.0,580.6,580.63,1335688,775541455.15,16499,95272,7.13,595.3115231210927,547.7456197360509,571.5285714285718,11.891475846260446
80,JETAIRWAYS,EQ,07-Sep-2017,580.6,590.0,597.55,574.05,576.0,578.8,587.75,2225924,1308285319.35,23876,483186,21.71,592.0776906601042,549.208023625611,570.6428571428576,10.717416758623282
81,JETAIRWAYS,EQ,08-Sep-2017,578.8,580.7,586.8,565.3,567.0,569.85,574.9,1555956,894516332.8,21339,182593,11.74,590.6091581376269,549.190841862374,569.9000000000004,10.354579068813214
82,JETAIRWAYS,EQ,11-Sep-2017,569.85,572.95,582.9,568.5,574.0,572.85,576.6,1381124,796357234.15,20641,125806,9.11,590.747279846914,550.9098630102297,570.8285714285719,9.959354209171067
83,JETAIRWAYS,EQ,12-Sep-2017,572.85,578.75,589.0,574.7,581.9,582.0,581.43,1719228,999616598.8,25138,151898,8.84,591.6099277300232,553.6543579842635,572.6321428571433,9.488892436439949
84,JETAIRWAYS,EQ,13-Sep-2017,582.0,583.0,588.5,572.7,577.5,574.95,580.91,2181565,1267293601.2,28212,143381,6.57,591.6672465033079,553.6756106395502,572.671428571429,9.497908965939416
85,JETAIRWAYS,EQ,14-Sep-2017,574.95,576.0,582.6,574.0,576.8,576.8,578.01,736555,425735129.85,14977,71206,9.67,591.9631527662435,553.7439900909002,572.8535714285719,9.554790668835835
86,JETAIRWAYS,EQ,15-Sep-2017,576.8,574.0,574.0,561.1,566.0,566.0,566.22,1420827,804502436.3,25807,259016,18.23,591.6574444866795,552.8211269418927,572.2392857142861,9.709079386196716
87,JETAIRWAYS,EQ,18-Sep-2017,566.0,567.55,574.9,555.5,559.5,558.55,562.58,1289217,725289769.45,16212,391468,30.36,587.7988040251334,558.5154816891529,573.1571428571432,7.32083058399514
88,JETAIRWAYS,EQ,19-Sep-2017,558.55,562.0,565.0,553.05,555.4,555.8,558.4,1366823,763238016.35,27052,255791,18.71,588.861940470306,556.780916672552,572.821428571429,8.0202559494385
89,JETAIRWAYS,EQ,20-Sep-2017,555.8,557.0,559.45,546.2,548.8,547.95,552.21,742118,409805637.9,14351,186964,25.19,591.0647290696634,550.213842358909,570.6392857142862,10.212721677688611
90,JETAIRWAYS,EQ,21-Sep-2017,547.95,549.0,549.0,534.7,537.0,537.95,540.3,1293955,699126288.75,20782,344625,26.63,594.0562318463876,541.4509110107563,567.753571428572,13.151330208907831
91,JETAIRWAYS,EQ,22-Sep-2017,537.95,533.0,534.0,506.8,507.95,509.15,520.36,1504820,783045044.5,23055,329452,21.89,604.2433441463842,522.5995129964739,563.421428571429,20.410957787477567
92,JETAIRWAYS,EQ,25-Sep-2017,509.15,509.35,510.0,492.0,498.0,497.45,497.68,1477952,735550289.9,32762,304752,20.62,610.8102226800086,504.7183487485638,557.7642857142862,26.5229684828612
93,JETAIRWAYS,EQ,26-Sep-2017,497.45,495.1,495.1,476.1,480.5,481.55,482.57,2366540,1142024977.25,43646,221722,9.37,615.689761198599,485.6888102299731,550.689285714286,32.50023774215645
94,JETAIRWAYS,EQ,27-Sep-2017,481.55,483.0,491.0,466.4,471.1,469.6,481.71,1662165,800678436.8,36352,153315,9.22,618.672277296743,467.1062941318291,542.8892857142861,37.891495791228486
95,JETAIRWAYS,EQ,28-Sep-2017,469.6,474.0,481.6,466.65,479.5,478.8,475.34,1669963,793807328.0,21948,137318,8.22,617.632455555952,455.1389730154774,536.3857142857147,40.62337063511866
96,JETAIRWAYS,EQ,29-Sep-2017,478.8,472.6,488.0,470.5,481.15,481.85,481.34,1652549,795444118.3,27230,234721,14.2,613.1024972506484,446.66893132078104,529.8857142857147,41.608391482466835
97,JETAIRWAYS,EQ,03-Oct-2017,481.85,480.4,486.55,465.2,471.2,469.3,475.48,1689145,803151796.1,22094,182986,10.83,605.140256858054,438.5311717133752,521.8357142857146,41.6522712861697
98,JETAIRWAYS,EQ,04-Oct-2017,469.3,473.95,478.8,470.4,475.8,473.9,474.71,1116472,529996740.75,16627,108691,9.74,595.5759527340838,433.6597615516312,514.6178571428575,40.479047795613134
99,JETAIRWAYS,EQ,05-Oct-2017,473.9,478.4,494.5,474.4,488.75,489.1,487.75,2317462,1130350055.6,28548,232274,10.02,581.8096961068254,434.89744675031824,508.3535714285718,36.72806233912679
100,JETAIRWAYS,EQ,06-Oct-2017,489.1,492.15,494.0,484.05,488.0,488.95,489.41,1475093,721924524.45,18294,123326,8.36,568.8702649541435,436.8297350458572,502.85000000000036,33.01013247707157
101,JETAIRWAYS,EQ,09-Oct-2017,488.95,494.95,497.2,489.0,493.6,492.45,493.44,923561,455725345.95,14211,94593,10.24,555.9326931113407,440.32444974580284,498.1285714285718,28.902060841384465
102,JETAIRWAYS,EQ,10-Oct-2017,492.45,493.5,501.55,486.7,494.0,492.15,495.23,1153393,571199729.25,16980,136917,11.87,540.9096370153654,446.2546486989208,493.58214285714314,23.663747079111165
103,JETAIRWAYS,EQ,11-Oct-2017,492.15,495.7,502.6,476.95,477.75,480.6,492.59,1532883,755086805.1,25078,206744,13.49,524.5842692914754,452.9585878513824,488.7714285714289,17.906420360023247
104,JETAIRWAYS,EQ,12-Oct-2017,480.6,485.8,488.65,481.4,486.55,486.25,484.87,1194220,579042744.8,17090,88140,7.38,507.0241234322719,463.13301942487163,485.07857142857176,10.97277600185006
105,JETAIRWAYS,EQ,13-Oct-2017,486.25,488.85,493.7,478.8,482.55,482.3,485.88,1157241,562280975.8,17341,166735,14.41,500.18572658984806,466.1357019815813,483.1607142857147,8.512506152066706
106,JETAIRWAYS,EQ,16-Oct-2017,482.3,484.6,488.9,476.5,478.4,478.35,481.38,772540,371888155.4,10530,107885,13.96,496.83399508311084,466.7588620597471,481.796428571429,7.518783255840916
107,JETAIRWAYS,EQ,17-Oct-2017,478.35,477.55,483.75,474.2,481.05,481.8,479.29,750722,359813412.55,11377,75311,10.03,496.851185383041,466.7773860455313,481.81428571428614,7.518449834377429
108,JETAIRWAYS,EQ,18-Oct-2017,481.8,480.05,492.0,478.2,482.6,482.0,484.94,1273554,617597236.95,15387,107277,8.42,495.9979466315384,469.40205336846236,482.7000000000004,6.648973315769025
109,JETAIRWAYS,EQ,19-Oct-2017,482.0,483.0,484.7,471.05,472.5,476.4,479.03,202811,97152746.7,3351,69184,34.11,496.1021155089124,468.9550273482312,482.5285714285718,6.786772040170281
110,JETAIRWAYS,EQ,23-Oct-2017,476.4,479.4,479.4,462.65,469.0,468.35,469.46,966204,453591272.9,15123,206563,21.38,497.1190242241338,466.0095472044384,481.5642857142861,7.7773692549238405
111,JETAIRWAYS,EQ,24-Oct-2017,468.35,473.0,517.15,469.05,514.0,512.3,501.28,5466272,2740142087.95,69711,582063,10.65,505.74741095518175,463.52401761624753,484.63571428571464,10.555848334733549
112,JETAIRWAYS,EQ,25-Oct-2017,512.3,514.8,536.0,503.75,518.6,519.7,521.44,3679466,1918637116.15,55828,450474,12.24,515.155032179572,460.6592535347144,487.90714285714324,13.623944661214402
113,JETAIRWAYS,EQ,26-Oct-2017,519.7,518.0,535.5,510.55,532.6,529.2,525.08,2107833,1106788210.55,25817,241319,11.45,525.8615261069845,455.68133103587326,490.7714285714289,17.545048767777807
114,JETAIRWAYS,EQ,27-Oct-2017,529.2,530.0,533.0,519.0,525.9,524.3,525.58,1152357,605652626.3,14324,248946,21.6,532.6502958290662,453.9425613137917,493.2964285714289,19.676933628818613
115,JETAIRWAYS,EQ,30-Oct-2017,524.3,524.5,575.75,524.5,574.0,569.15,561.5,5929035,3329165286.8,75480,646784,10.91,555.2515540188676,442.29844598113317,498.7750000000004,28.238277009433602
116,JETAIRWAYS,EQ,31-Oct-2017,569.15,574.0,589.5,563.35,584.7,583.65,579.01,3710671,2148502704.3,47818,339945,9.16,577.481581821577,433.13984674985227,505.31071428571465,36.08543376793121
117,JETAIRWAYS,EQ,01-Nov-2017,583.65,588.0,597.6,572.85,589.5,590.5,586.36,3335000,1955517955.3,41921,216220,6.48,596.7567040549277,429.56472451650137,513.1607142857146,41.797994884606595
118,JETAIRWAYS,EQ,02-Nov-2017,590.5,591.95,596.65,583.1,589.9,589.75,589.92,2235395,1318714978.6,22123,605177,27.07,611.8493920784338,429.25775077870975,520.5535714285718,45.64791032493101
119,JETAIRWAYS,EQ,03-Nov-2017,589.75,593.5,627.3,586.4,626.8,622.7,611.75,5096330,3117674573.9,63299,504004,9.89,633.8384453814391,427.3258403328472,530.5821428571431,51.628151262147995
120,JETAIRWAYS,EQ,06-Nov-2017,622.7,622.0,631.95,614.0,624.0,623.25,623.37,2687665,1675416467.65,33230,266693,9.92,650.4913688994485,431.3729168148379,540.9321428571432,54.77961302115265
121,JETAIRWAYS,EQ,07-Nov-2017,623.25,624.0,624.95,590.55,602.0,600.45,603.1,2691345,1623148172.6,33654,266253,9.89,657.6102059244279,441.20407978985827,549.4071428571431,54.101531533642394
122,JETAIRWAYS,EQ,08-Nov-2017,600.45,599.0,627.0,594.05,625.7,623.7,613.93,3173540,1948331263.7,41010,320039,10.08,667.0777495485632,451.9793933085801,559.5285714285717,53.7745890599958
123,JETAIRWAYS,EQ,09-Nov-2017,623.7,625.7,674.5,617.45,672.8,665.0,641.6,6355737,4077838484.0,70361,873398,13.74,682.9165207712724,463.08347922872804,573.0000000000002,54.9582603856361
124,JETAIRWAYS,EQ,10-Nov-2017,665.0,666.0,696.85,652.65,686.3,684.5,677.4,7002388,4743408459.85,85124,647655,9.25,695.7257618752307,481.15280955334117,588.4392857142859,53.643238080472365
125,JETAIRWAYS,EQ,13-Nov-2017,684.5,686.0,714.9,677.5,708.0,708.0,695.49,5489498,3817876900.1,64785,420054,7.65,717.6710607168403,487.16465356887454,602.4178571428574,57.62660178699145
126,JETAIRWAYS,EQ,14-Nov-2017,708.0,710.0,718.3,682.25,686.0,694.0,706.38,4698809,3319124624.3,52339,515506,10.97,729.2837490402741,500.45196524544065,614.8678571428574,57.20794594870834
127,JETAIRWAYS,EQ,15-Nov-2017,694.0,690.0,718.7,685.0,687.55,690.9,704.36,6883510,4848493969.45,86028,690029,10.02,736.1307804903399,516.7049337953747,626.4178571428573,54.8564616737413
128,JETAIRWAYS,EQ,16-Nov-2017,690.9,690.9,698.4,672.0,680.0,684.55,682.39,3236629,2208638952.35,46973,374736,11.58,734.3199465408778,541.4086248876939,637.8642857142859,48.22783041329599
129,JETAIRWAYS,EQ,17-Nov-2017,684.55,687.65,707.85,680.6,687.6,690.55,696.16,3173659,2209383731.35,40151,419375,13.21,738.0838136952302,554.9876148761987,646.5357142857144,45.77404970475786
130,JETAIRWAYS,EQ,20-Nov-2017,690.55,690.55,727.55,687.6,719.3,720.05,707.43,3983296,2817917968.4,44472,684003,17.17,748.029469259314,564.5276735978291,656.2785714285716,45.875448915371216
131,JETAIRWAYS,EQ,21-Nov-2017,720.05,709.0,709.0,656.25,658.95,663.5,678.97,7783599,5284823778.25,91764,1461884,18.78,745.0740922207319,577.9116220649826,661.4928571428572,41.79061753893733
132,JETAIRWAYS,EQ,22-Nov-2017,663.5,663.0,684.0,660.0,668.0,669.7,675.04,5984331,4039660700.5,71772,649454,10.85,739.8834222421623,594.5237206149808,667.2035714285715,36.339925406795395
133,JETAIRWAYS,EQ,23-Nov-2017,669.7,670.55,678.95,657.25,662.8,662.4,667.32,4642921,3098316411.85,58612,474709,10.22,738.1965718936868,601.8819995348848,670.0392857142858,34.07864308970049
134,JETAIRWAYS,EQ,24-Nov-2017,662.4,663.8,671.25,652.0,652.5,654.0,660.71,2449117,1618148074.35,30629,308819,12.61,735.719406056745,608.7520225146837,672.2357142857144,31.741845885515342
135,JETAIRWAYS,EQ,27-Nov-2017,654.0,654.95,658.0,637.1,645.5,641.2,645.31,3371458,2175621968.5,34977,807646,23.96,727.1508583278045,623.1419988150527,675.1464285714286,26.00221487818792
136,JETAIRWAYS,EQ,28-Nov-2017,641.2,646.9,661.0,645.45,654.95,657.4,654.82,3289254,2153884549.8,38854,419828,12.76,721.8483091657893,633.2588336913536,677.5535714285714,22.147368868608915
137,JETAIRWAYS,EQ,29-Nov-2017,657.4,669.0,675.0,661.0,668.35,668.75,668.15,6720198,4490114371.1,73862,675799,10.06,721.8336072056655,633.8092499371916,677.8214285714286,22.006089317118494
138,JETAIRWAYS,EQ,30-Nov-2017,668.75,672.3,684.7,665.5,680.1,679.7,674.35,6015168,4056325966.95,59662,1141335,18.97,721.341166572354,633.615976284789,677.4785714285715,21.931297571891243
139,JETAIRWAYS,EQ,01-Dec-2017,679.7,682.5,685.3,647.75,653.8,654.95,671.2,3104783,2083919190.0,32939,380260,12.25,715.3018610800516,632.07671034852,673.6892857142858,20.80628768288292
140,JETAIRWAYS,EQ,04-Dec-2017,654.95,658.0,661.5,638.35,647.0,643.8,649.17,1759744,1142368115.05,22996,146439,8.32,712.8139100127846,627.3932328443584,670.1035714285715,21.355169292106567
141,JETAIRWAYS,EQ,05-Dec-2017,643.8,640.5,681.95,626.0,680.5,677.9,656.07,5683688,3728925522.15,64995,719248,12.65,710.4798097404215,627.8701902595786,669.1750000000001,20.6524048702107
142,JETAIRWAYS,EQ,06-Dec-2017,677.9,678.95,694.55,673.0,680.55,682.7,685.35,5857333,4014332838.6,68796,486112,8.3,710.1471308705541,627.9385834151606,669.0428571428573,20.55213686384838
143,JETAIRWAYS,EQ,07-Dec-2017,682.7,685.0,705.0,685.0,695.2,696.8,697.27,6588257,4593799215.55,77652,469231,7.12,711.7201016333149,627.2584697952568,669.4892857142859,21.115407959514524
144,JETAIRWAYS,EQ,08-Dec-2017,696.8,669.4,679.4,662.1,666.0,665.85,669.92,6436096,4311669111.55,75176,569006,8.84,696.2180735106926,635.0176407750221,665.6178571428574,15.300108183917619
145,JETAIRWAYS,EQ,11-Dec-2017,665.85,675.0,699.0,675.0,692.6,696.6,691.99,6374957,4411408442.75,66890,883123,13.85,702.7134766848361,633.2508090294501,667.9821428571431,17.365666913846486
146,JETAIRWAYS,EQ,12-Dec-2017,696.6,689.9,689.9,671.6,681.0,677.7,680.25,3022914,2056350154.0,38235,405025,13.4,703.6677908644855,633.4393519926579,668.5535714285717,17.557109717956912
147,JETAIRWAYS,EQ,13-Dec-2017,677.7,683.5,689.9,674.3,677.0,677.6,680.85,2492457,1696988361.6,33835,193574,7.77,704.873647844533,634.4049235840391,669.6392857142861,17.61718106512347
148,JETAIRWAYS,EQ,14-Dec-2017,677.6,681.0,685.0,660.0,677.7,675.5,671.22,2879975,1933086658.7,32874,274215,9.52,705.3307011797014,637.0192988202992,671.1750000000003,17.07785058985053
149,JETAIRWAYS,EQ,15-Dec-2017,675.5,686.3,707.0,685.4,703.0,703.05,698.9,5739104,4011057772.6,66185,907309,15.81,709.0397578189333,642.1459564667815,675.5928571428574,16.723450338037935
150,JETAIRWAYS,EQ,18-Dec-2017,703.05,695.0,710.0,674.1,693.1,693.45,697.09,3488673,2431920279.95,39504,248045,7.11,711.1285705206615,645.2071437650534,678.1678571428574,16.48035668890203
151,JETAIRWAYS,EQ,19-Dec-2017,693.45,698.0,723.7,695.0,719.0,720.4,713.4,5214917,3720325826.35,60320,486848,9.34,721.2179366488366,642.4963490654496,681.8571428571431,19.680396895846748
152,JETAIRWAYS,EQ,20-Dec-2017,720.4,718.0,746.5,711.65,743.0,737.6,732.74,7027548,5149396763.2,77939,1148791,16.35,735.2903505592877,636.695363726427,685.9928571428574,24.648746708215203
153,JETAIRWAYS,EQ,21-Dec-2017,737.6,743.0,753.9,736.05,737.25,742.75,745.53,3227703,2406359973.25,35090,284666,8.82,746.6287881113398,637.8997833172319,692.2642857142858,27.182251198526977
154,JETAIRWAYS,EQ,22-Dec-2017,742.75,739.0,766.85,736.5,762.0,758.9,751.38,3767936,2831134877.0,39426,444422,11.79,757.9999055588462,642.9715230125828,700.4857142857145,28.75709563656585
155,JETAIRWAYS,EQ,26-Dec-2017,758.9,764.35,832.2,758.0,821.4,822.3,802.74,13976367,11219382482.6,163110,1242455,8.89,795.9963162800632,625.6036837199372,710.8000000000002,42.59815814003148
156,JETAIRWAYS,EQ,27-Dec-2017,822.3,820.0,832.0,801.05,806.0,807.4,817.05,6793252,5550407559.25,79068,742312,10.93,817.4053741390071,622.0089115752787,719.7071428571429,48.84911564093209
157,JETAIRWAYS,EQ,28-Dec-2017,807.4,811.0,825.0,806.05,820.4,816.9,816.06,4256407,3473470967.35,48719,479000,11.25,837.7072662942484,618.8641622771805,728.2857142857144,54.71077600426697
158,JETAIRWAYS,EQ,29-Dec-2017,816.9,823.0,835.1,820.1,831.5,831.95,829.37,4101542,3401710996.85,45400,710096,17.31,856.2267716775293,624.0732283224711,740.1500000000002,58.038385838764526
159,JETAIRWAYS,EQ,01-Jan-2018,831.95,832.0,856.0,825.0,841.8,841.75,842.1,4088653,3443040599.75,57185,323494,7.91,875.4313263133998,625.6043879723146,750.5178571428572,62.456734585271306
160,JETAIRWAYS,EQ,02-Jan-2018,841.75,846.0,851.0,825.7,830.0,831.4,838.1,2831065,2372728563.4,34803,236387,8.35,885.8569990249161,637.1358581179411,761.4964285714286,62.180285226743756
161,JETAIRWAYS,EQ,03-Jan-2018,831.4,837.9,874.9,832.1,870.2,870.6,855.4,4889426,4182436946.6,60105,508425,10.4,902.3404311596935,648.2238545545924,775.282142857143,63.529144151275254
162,JETAIRWAYS,EQ,04-Jan-2018,870.6,867.0,877.8,861.3,865.2,865.2,869.38,3424214,2976937041.45,43387,215289,6.29,910.3933816638457,667.2709040504401,788.8321428571429,60.7806194033514
163,JETAIRWAYS,EQ,05-Jan-2018,865.2,860.55,883.45,851.1,868.5,870.55,866.85,3235147,2804381309.1,42686,262286,8.11,918.9109783446568,682.6818787982006,800.7964285714287,59.057274886614024
164,JETAIRWAYS,EQ,08-Jan-2018,870.55,862.0,876.0,862.0,863.0,866.05,868.62,2125441,1846200188.65,32261,166456,7.83,918.2955775614831,707.9544224385169,813.125,52.58528878074155
165,JETAIRWAYS,EQ,09-Jan-2018,866.05,867.0,867.2,828.2,833.95,837.6,840.34,4751703,3993065108.45,68916,804372,16.93,912.5884907459638,730.4043663968935,821.4964285714286,45.546031087267586
166,JETAIRWAYS,EQ,10-Jan-2018,837.6,836.1,868.8,835.0,842.0,843.5,853.01,8779259,7488812364.1,117255,478718,5.45,906.7429484547644,751.3784801166643,829.0607142857143,38.841117084525024
167,JETAIRWAYS,EQ,11-Jan-2018,843.5,841.0,848.6,832.1,837.95,838.7,840.74,2321018,1951376311.1,31884,153043,6.59,895.6521673765538,776.1764040520178,835.9142857142858,29.868940831134037
168,JETAIRWAYS,EQ,12-Jan-2018,838.7,840.0,848.45,822.5,826.0,827.25,835.22,1921000,1604449100.8,26005,200405,10.43,881.5892345790899,800.0036225637675,840.7964285714287,20.396403003830596
169,JETAIRWAYS,EQ,15-Jan-2018,827.25,830.3,840.0,817.0,817.15,821.0,827.28,1749051,1446948114.6,24498,200657,11.47,881.6832373859543,799.7239054711888,840.7035714285715,20.489832978691396
170,JETAIRWAYS,EQ,16-Jan-2018,821.0,826.7,827.0,786.0,794.5,790.35,801.04,3326799,2664890317.15,45261,555866,16.71,885.4402809554465,793.5311476159825,839.4857142857145,22.977283334866016
171,JETAIRWAYS,EQ,17-Jan-2018,790.35,790.35,829.7,777.0,827.15,821.3,804.62,3898154,3136531113.35,52081,372325,9.55,885.1453245830165,794.4546754169838,839.8000000000002,22.6726622915082
172,JETAIRWAYS,EQ,18-Jan-2018,821.3,835.15,843.5,781.55,794.0,791.25,813.13,3917234,3185205890.9,51854,458589,11.71,889.1048636775066,784.6808506082078,836.8928571428572,26.10600326732467
173,JETAIRWAYS,EQ,19-Jan-2018,791.25,794.0,812.0,778.2,792.0,793.2,793.96,3427052,2720927462.35,47239,268266,7.83,890.4726555171258,776.3773444828746,833.4250000000002,28.523827758562774
174,JETAIRWAYS,EQ,22-Jan-2018,793.2,793.0,798.0,780.2,782.2,783.4,786.24,1349937,1061379417.9,21785,139575,10.34,893.0244866003868,766.9683705424707,829.9964285714287,31.514029014479064
175,JETAIRWAYS,EQ,23-Jan-2018,783.4,788.8,823.8,786.0,795.0,795.7,807.28,3633682,2933395582.7,55413,395492,10.88,885.5059700683,763.7868870745576,824.6464285714288,30.429770748435594
176,JETAIRWAYS,EQ,24-Jan-2018,795.7,795.0,796.3,762.0,782.95,774.35,776.13,3494404,2712105881.95,46240,552443,15.81,879.7593638104024,756.5549219038837,818.1571428571431,30.801110476629667
177,JETAIRWAYS,EQ,25-Jan-2018,774.35,780.05,783.0,759.0,769.0,765.8,769.14,2587980,1990519346.7,37742,392240,15.16,870.278081360722,751.0719186392784,810.6750000000002,29.8015406803609
178,JETAIRWAYS,EQ,29-Jan-2018,765.8,772.0,776.3,747.0,748.8,749.25,757.65,1725752,1307518061.35,23636,240366,13.93,861.2399144110818,743.4243713032045,802.3321428571431,29.453885776969315
179,JETAIRWAYS,EQ,30-Jan-2018,749.25,748.0,772.85,746.65,764.9,762.4,762.93,3116279,2377509605.55,43113,223132,7.16,855.7294419531466,738.1919866182824,796.9607142857145,29.384363833716044
180,JETAIRWAYS,EQ,31-Jan-2018,762.4,765.2,774.95,751.45,754.0,753.65,761.41,2047730,1559162359.7,27568,169998,8.3,846.9970571929609,734.0886570927537,790.5428571428573,28.22710002505179
181,JETAIRWAYS,EQ,01-Feb-2018,753.65,756.0,774.75,742.65,773.0,769.15,762.09,2653589,2022274814.9,42542,256275,9.66,835.6550244224605,735.4949755775395,785.575,25.040012211230223
182,JETAIRWAYS,EQ,02-Feb-2018,769.15,768.4,768.4,653.8,687.0,685.6,708.42,5685160,4027468341.1,73821,610842,10.74,843.3394602232239,707.5748254910619,775.4571428571429,33.94115868304049
183,JETAIRWAYS,EQ,05-Feb-2018,685.6,655.0,704.4,646.0,702.05,690.8,674.5,2956211,1993976331.05,48520,212671,7.19,842.330728599416,689.9835571148699,766.157142857143,38.08679287113656
184,JETAIRWAYS,EQ,06-Feb-2018,690.8,640.0,718.85,639.0,708.15,709.95,683.34,3713022,2537266437.6,62815,347002,9.35,840.7406816879017,680.08788974067,760.4142857142858,40.16319798680794
185,JETAIRWAYS,EQ,07-Feb-2018,709.95,721.0,757.15,712.9,735.5,747.0,734.43,3998764,2936813670.3,57165,303711,7.6,827.5345585880026,682.6797271262834,755.107142857143,36.2137078654298
186,JETAIRWAYS,EQ,08-Feb-2018,747.0,752.0,790.75,751.3,774.15,776.55,773.49,4912311,3799640576.8,78700,304329,6.2,824.62991879303,683.4843669212559,754.0571428571429,35.28638796794352
187,JETAIRWAYS,EQ,09-Feb-2018,776.55,760.1,798.95,760.1,789.6,791.7,785.92,4967663,3904190589.2,82770,268115,5.4,824.2708908668534,683.6291091331467,753.95,35.160445433426695
188,JETAIRWAYS,EQ,12-Feb-2018,791.7,797.0,827.2,797.0,822.5,823.4,816.33,3981483,3250219064.05,62709,624476,15.68,835.0828966150841,678.5313890992018,756.8071428571429,39.137876878970616
189,JETAIRWAYS,EQ,14-Feb-2018,823.4,828.0,830.7,796.25,802.85,803.25,814.31,3481334,2834873428.2,48079,322356,9.26,836.8705271375078,677.8223300053495,757.3464285714286,39.762049283039595
190,JETAIRWAYS,EQ,15-Feb-2018,803.25,793.25,793.7,748.55,757.55,756.2,765.17,5847764,4474538636.5,78922,416565,7.12,834.9694915964769,677.1305084035232,756.0500000000001,39.45974579823841
191,JETAIRWAYS,EQ,16-Feb-2018,756.2,760.0,779.4,735.0,744.95,739.95,755.66,5252159,3968826442.7,77639,508415,9.68,833.3496823130116,675.0574605441315,754.2035714285715,39.57305544222003
192,JETAIRWAYS,EQ,19-Feb-2018,739.95,755.0,770.5,742.1,760.0,762.7,754.63,4295470,3241491552.7,64634,397838,9.26,834.3778765117822,675.9506949167896,755.1642857142859,39.60679539874813
193,JETAIRWAYS,EQ,20-Feb-2018,762.7,760.0,764.0,746.6,751.8,751.75,753.53,2191731,1651538436.45,34675,155430,7.09,833.5223279744304,675.284814882713,754.4035714285717,39.55937827292933
194,JETAIRWAYS,EQ,21-Feb-2018,751.75,756.8,759.2,736.2,745.45,745.9,747.68,2165245,1618905612.95,37628,185172,8.55,833.0998095120269,674.6001904879736,753.8500000000003,39.624904756013365
195,JETAIRWAYS,EQ,22-Feb-2018,745.9,744.9,745.7,731.3,734.65,733.9,736.91,1909187,1406903993.5,27350,248888,13.04,830.7277211795098,671.9365645347765,751.3321428571431,39.697789161183344
196,JETAIRWAYS,EQ,23-Feb-2018,733.9,737.7,752.65,725.75,746.0,745.45,738.56,2853445,2107427065.4,42745,223709,7.84,825.6508968436885,685.5633888705977,755.6071428571431,35.02187699327269
197,JETAIRWAYS,EQ,26-Feb-2018,745.45,750.0,774.0,745.5,763.5,766.25,765.52,3403111,2605145707.55,58435,321089,9.44,820.3560815909137,701.636775551944,760.9964285714289,29.67982650974245
198,JETAIRWAYS,EQ,27-Feb-2018,766.25,763.5,770.35,740.05,744.1,742.7,751.73,2075835,1560472073.35,34028,319465,15.39,816.2623896681077,710.4090389033215,763.3357142857146,26.463337691196532
199,JETAIRWAYS,EQ,28-Feb-2018,742.7,743.45,750.7,730.0,745.0,746.1,744.01,1920592,1428933070.95,30620,108616,5.66,816.2856895596962,710.2571675831617,763.2714285714289,26.507130494133616
200,JETAIRWAYS,EQ,01-Mar-2018,746.1,750.0,760.9,727.25,745.0,742.8,752.69,2250213,1693708381.75,33385,196052,8.71,814.3412956439779,707.3801329274513,760.8607142857146,26.740290679131633
201,JETAIRWAYS,EQ,05-Mar-2018,742.8,745.45,751.95,734.1,740.0,739.9,742.23,1659987,1232091034.2,30856,107724,6.49,808.5781339404996,705.7432946309295,757.1607142857146,25.708709827392482
202,JETAIRWAYS,EQ,06-Mar-2018,739.9,743.5,751.15,713.8,719.5,720.4,735.38,1751233,1287830175.1,29415,179989,10.28,788.2267708365785,711.3803720205649,749.8035714285717,19.21159970400337
203,JETAIRWAYS,EQ,07-Mar-2018,720.4,720.0,726.65,702.2,708.15,708.0,713.11,2220142,1583205990.4,36808,159235,7.17,773.5895406961298,712.4104593038707,743.0000000000002,15.294770348064777
204,JETAIRWAYS,EQ,08-Mar-2018,708.0,708.15,717.0,655.45,691.0,693.65,687.05,4852580,3333984428.75,69190,197251,4.06,777.8447285722108,699.2195571420754,738.5321428571431,19.65629285753386
205,JETAIRWAYS,EQ,09-Mar-2018,693.65,698.0,709.75,682.0,682.0,688.35,696.8,3399667,2368884180.9,49591,171377,5.04,782.3983833850169,687.2944737578406,734.8464285714288,23.77597740679411
206,JETAIRWAYS,EQ,12-Mar-2018,688.35,693.65,701.75,677.05,689.35,689.0,686.7,2492174,1711367063.1,38570,143247,5.75,780.0780163693255,679.0862693449603,729.5821428571429,25.247936756091292
207,JETAIRWAYS,EQ,13-Mar-2018,689.0,689.0,707.45,686.6,699.45,699.3,697.86,2913967,2033536291.25,38718,203140,6.97,777.0248121119489,674.6466164594797,725.8357142857143,25.594548913117286
208,JETAIRWAYS,EQ,14-Mar-2018,699.3,699.0,717.0,690.4,716.0,714.0,706.99,3130009,2212877277.45,43598,241278,7.71,773.7287691803164,673.3855165339695,723.5571428571429,25.085813161586724
209,JETAIRWAYS,EQ,15-Mar-2018,714.0,716.5,732.5,716.5,720.9,721.9,725.96,2891483,2099089699.0,45416,258937,8.96,772.5192424980247,672.8807575019754,722.7,24.909621249012307
210,JETAIRWAYS,EQ,16-Mar-2018,721.9,725.0,726.5,700.1,704.1,703.8,712.79,2181774,1555156249.05,32642,235868,10.81,768.658545989198,670.791454010802,719.725,24.466772994599033
211,JETAIRWAYS,EQ,19-Mar-2018,703.8,705.0,709.0,669.7,672.0,673.35,682.64,2389666,1631278799.0,36974,342549,14.33,759.999038326188,666.1795331023833,713.0892857142857,23.454876305951167
212,JETAIRWAYS,EQ,20-Mar-2018,673.35,669.0,689.75,663.45,670.6,669.25,678.15,3481065,2360691105.05,50268,315900,9.07,756.8685781337947,658.8171361519194,707.842857142857,24.512860495468857
213,JETAIRWAYS,EQ,21-Mar-2018,669.25,671.0,681.4,665.0,670.0,668.35,673.41,2218052,1493656242.6,32055,262070,11.82,750.2499455315756,654.3286258969958,702.2892857142857,23.980329908644904
214,JETAIRWAYS,EQ,22-Mar-2018,668.35,671.0,671.0,638.7,640.4,641.9,651.25,3383385,2203429233.65,41828,379727,11.22,746.9822778375923,643.1820078766933,695.0821428571428,25.95006749022473
215,JETAIRWAYS,EQ,23-Mar-2018,641.9,621.0,633.5,615.05,616.85,620.05,620.9,3356605,2084110982.1,38836,240064,7.15,745.6157692387116,627.4270879041454,686.5214285714285,29.547170333641542
216,JETAIRWAYS,EQ,26-Mar-2018,620.05,616.85,624.9,605.15,615.0,616.4,613.23,2479774,1520673980.0,31262,223560,9.02,745.5322900254306,612.6534242602835,679.092857142857,33.21971644128678
217,JETAIRWAYS,EQ,27-Mar-2018,616.4,629.0,648.0,627.0,637.25,637.7,638.99,3983616,2545487143.55,53114,374283,9.4,741.7150275554877,606.4278295873694,674.0714285714286,33.821799492029555
218,JETAIRWAYS,EQ,28-Mar-2018,637.7,630.9,633.95,605.4,609.0,608.75,618.6,3647644,2256434074.95,46674,741083,20.32,742.9216465072542,593.0926392070315,668.0071428571429,37.45725182505564
219,JETAIRWAYS,EQ,02-Apr-2018,608.75,609.0,618.7,592.0,602.4,601.25,601.81,3991233,2401948649.0,49330,931816,23.35,743.5741696359107,579.997258935518,661.7857142857143,40.89422767509819
220,JETAIRWAYS,EQ,03-Apr-2018,601.25,605.0,615.7,592.0,613.25,612.95,603.65,4636971,2799085915.55,78629,1084071,23.38,740.4260444163772,572.2810984407658,656.3535714285715,42.03623649390285
221,JETAIRWAYS,EQ,04-Apr-2018,612.95,617.9,632.55,598.25,603.6,603.95,618.21,7043234,4354174098.25,86819,1270936,18.04,734.0758261971998,565.0098880885148,649.5428571428573,42.26648452717124
222,JETAIRWAYS,EQ,05-Apr-2018,603.95,618.0,629.0,616.25,624.35,625.3,623.02,3765615,2346046522.7,54466,385918,10.25,719.8580784943904,566.5562072198954,643.2071428571429,38.325467818623736
223,JETAIRWAYS,EQ,06-Apr-2018,625.3,624.0,624.15,610.7,620.55,621.05,617.47,2671136,1649340287.6,33873,204577,7.66,698.4334270117085,573.5737158454344,636.0035714285715,31.214927791568503
224,JETAIRWAYS,EQ,09-Apr-2018,621.05,622.0,633.4,619.0,630.65,630.15,625.75,2814960,1761470053.3,40910,562338,19.98,679.4722173833734,582.0134969023411,630.7428571428572,24.36468012025805
225,JETAIRWAYS,EQ,10-Apr-2018,630.15,632.3,636.55,613.0,621.9,619.1,622.25,3064787,1907049359.4,42543,373339,12.18,669.2117170581613,584.5239972275532,626.8678571428572,21.171929957652026
226,JETAIRWAYS,EQ,11-Apr-2018,619.1,616.0,621.9,602.1,616.0,617.75,611.87,4364793,2670667507.8,53787,475656,10.9,657.9398292312536,588.438742197318,623.1892857142858,17.37527175848391
227,JETAIRWAYS,EQ,12-Apr-2018,617.75,611.5,629.5,610.1,623.9,625.55,621.5,3306594,2055037555.8,44783,239523,7.24,643.402712158382,596.8615735559038,620.1321428571429,11.635284650619582
228,JETAIRWAYS,EQ,13-Apr-2018,625.55,622.8,631.5,616.35,626.3,624.35,623.83,2422134,1511009541.85,32758,234460,9.68,638.7387640949739,599.018378762169,618.8785714285715,9.930096333201224
229,JETAIRWAYS,EQ,16-Apr-2018,624.35,617.6,622.7,611.5,612.55,614.1,616.18,1994945,1229246877.15,29824,261427,13.1,638.4598959780083,598.4472468791348,618.4535714285715,10.00316227471834
230,JETAIRWAYS,EQ,17-Apr-2018,614.1,615.0,645.8,615.0,645.5,643.8,631.47,4464687,2819300377.85,59134,822707,18.43,644.4965920046992,596.3248365667297,620.4107142857144,12.04293885949239
231,JETAIRWAYS,EQ,18-Apr-2018,643.8,640.55,645.0,615.3,618.0,617.75,630.56,3987796,2514542050.4,50833,471506,11.82,640.9307655439059,597.0406630275229,618.9857142857144,10.972525629095724
232,JETAIRWAYS,EQ,19-Apr-2018,617.75,613.5,628.9,604.95,619.0,621.85,616.25,4968439,3061819249.6,59584,409049,8.23,641.089827162264,598.7530299805934,619.9214285714287,10.584199295417646
233,JETAIRWAYS,EQ,20-Apr-2018,621.85,615.9,631.3,613.1,624.0,625.7,625.06,2779194,1737169451.55,40957,337303,12.14,640.0517801837376,603.283934101977,621.6678571428573,9.191961520440161
234,JETAIRWAYS,EQ,23-Apr-2018,625.7,625.6,629.0,614.3,619.9,618.2,619.32,1904436,1179447202.95,22956,192386,10.1,639.8663877066268,604.2193265790878,622.0428571428573,8.911765281884767
235,JETAIRWAYS,EQ,24-Apr-2018,618.2,620.0,631.6,618.5,626.2,625.9,624.61,2212171,1381747972.05,30997,346419,15.66,638.1346032844551,609.0868252869736,623.6107142857144,7.261944499370369
236,JETAIRWAYS,EQ,25-Apr-2018,625.9,626.0,638.75,611.0,615.65,615.4,625.68,3277260,2050510944.15,40999,522629,15.95,638.0248994270956,607.7822434300475,622.9035714285716,7.560663999262051
237,JETAIRWAYS,EQ,26-Apr-2018,615.4,618.0,623.9,612.6,619.65,620.1,619.21,1896248,1174170123.9,24109,360355,19.0,638.0013347463298,607.6700938250992,622.8357142857145,7.582810230307628
238,JETAIRWAYS,EQ,27-Apr-2018,620.1,624.5,634.75,618.1,621.15,623.1,626.8,2114146,1325155095.65,28098,255563,12.09,636.9082881290728,607.7559975852134,622.3321428571431,7.28807263596483
239,JETAIRWAYS,EQ,30-Apr-2018,623.1,621.0,651.4,618.7,642.1,643.25,638.22,4458418,2845456511.5,54887,640047,14.36,642.2523179209832,605.8619677933029,624.057142857143,9.097587531920043
240,JETAIRWAYS,EQ,02-May-2018,643.25,640.0,646.5,583.0,591.2,592.9,614.53,4425278,2719466246.15,58873,742266,16.77,646.8575404090557,597.7067453052305,622.2821428571431,12.287698775956304
241,JETAIRWAYS,EQ,03-May-2018,592.9,588.9,588.9,507.35,520.0,520.05,536.64,12283361,6591771550.65,177253,1257368,10.24,674.5114873662347,554.9813697766227,614.7464285714287,29.882529397403005
242,JETAIRWAYS,EQ,04-May-2018,520.05,520.0,534.0,508.0,512.0,512.25,521.49,6154342,3209425124.7,81683,588742,9.57,687.3604146357465,526.1181567928253,606.7392857142859,40.310564460730276
243,JETAIRWAYS,EQ,07-May-2018,512.25,515.0,525.9,505.3,509.0,510.1,516.83,4320054,2232717939.5,57129,376021,8.7,694.8039937799842,503.81743479144455,599.3107142857144,47.746639747134935
244,JETAIRWAYS,EQ,08-May-2018,510.1,513.85,521.95,508.0,509.0,510.75,514.3,3042627,1564826554.7,52801,306969,10.09,692.4430104604356,487.17127525385047,589.807142857143,51.317933801646284
245,JETAIRWAYS,EQ,09-May-2018,510.75,509.5,509.5,494.4,501.0,499.4,500.28,3649726,1825899342.7,48768,377048,10.33,693.1611841065396,469.54595875060363,581.3535714285716,55.903806338984005
246,JETAIRWAYS,EQ,10-May-2018,499.4,501.0,505.75,480.5,484.0,483.95,491.55,3669006,1803486834.1,47999,414121,11.29,691.9096054217949,451.0975374353483,571.5035714285716,60.20301699661167
247,JETAIRWAYS,EQ,11-May-2018,483.95,488.0,493.9,474.2,476.8,479.75,483.87,4307258,2084135150.7,64434,361525,8.39,686.4422621250973,435.714880732046,561.0785714285716,62.68184534826281
248,JETAIRWAYS,EQ,14-May-2018,479.75,480.7,487.35,460.75,461.35,464.4,472.74,2879891,1361443374.65,40709,363898,12.64,680.7379598338578,419.44775445185707,550.0928571428574,65.32255134550016
249,JETAIRWAYS,EQ,15-May-2018,464.4,465.0,473.5,435.25,437.8,438.2,454.55,4320788,1964024566.65,58954,638406,14.78,672.2508926406915,401.12053593073756,536.6857142857145,67.78258917748849
250,JETAIRWAYS,EQ,16-May-2018,438.2,436.0,454.75,421.1,444.6,445.2,439.13,6273028,2754681487.95,83177,435796,6.95,660.2123481034062,388.84479475373723,524.5285714285717,67.84188833741725
251,JETAIRWAYS,EQ,17-May-2018,445.2,446.0,453.9,434.25,439.0,439.3,443.26,3922058,1738475230.65,47327,346673,8.84,642.443466348782,380.78510507979,511.614285714286,65.41459031724798
252,JETAIRWAYS,EQ,18-May-2018,439.3,439.0,446.8,413.1,416.0,417.0,429.2,4273825,1834314231.2,55001,537133,12.57,619.8269912093581,373.95872307635676,496.8928571428574,61.467067033250316
253,JETAIRWAYS,EQ,21-May-2018,417.0,416.0,417.0,393.5,400.0,400.45,403.78,4148966,1675286222.4,50807,370023,8.92,579.9899093220141,379.11009067798636,479.55000000000024,50.21995466100695
254,JETAIRWAYS,EQ,22-May-2018,400.45,397.25,427.0,388.2,418.3,420.0,410.73,6811929,2797853843.05,86608,509016,7.47,548.2493391991223,386.15066080087826,467.2000000000003,40.524669599561015
255,JETAIRWAYS,EQ,23-May-2018,420.0,415.0,434.8,413.35,417.0,421.1,424.81,5702023,2422275219.6,70845,507680,8.9,538.5432057259675,381.7210799883189,460.13214285714315,39.20553143441214
256,JETAIRWAYS,EQ,24-May-2018,421.1,395.15,402.8,370.05,392.95,391.7,388.92,13739326,5343454217.9,150345,929787,6.77,531.7338841003361,371.30897304252153,451.5214285714288,40.10622776445366
257,JETAIRWAYS,EQ,25-May-2018,391.7,391.7,409.35,383.6,407.0,405.0,399.68,6240933,2494398894.8,73651,446125,7.15,520.180939315964,367.8476321126079,444.01428571428596,38.08332680083901
258,JETAIRWAYS,EQ,28-May-2018,405.0,417.15,444.9,414.4,434.45,436.8,432.34,11259044,4867752388.7,127515,936745,8.32,504.510776366608,372.9535093476782,438.7321428571431,32.889316754732455
259,JETAIRWAYS,EQ,29-May-2018,436.8,434.4,434.4,416.8,420.6,420.75,425.06,4489849,1908464705.35,52441,477744,10.64,489.30932284214146,376.9192485864305,433.114285714286,28.09751856392774
260,JETAIRWAYS,EQ,30-May-2018,420.75,420.0,430.65,415.15,423.0,425.3,424.79,3562811,1513449560.4,43763,316717,8.89,476.9448957164034,380.9051042835972,428.9250000000003,24.009947858201556
261,JETAIRWAYS,EQ,31-May-2018,425.3,424.0,429.45,405.8,413.3,412.85,416.2,3996282,1663258265.2,45202,527215,13.19,462.77582081430245,385.5170363285553,424.1464285714289,19.314696121436786
262,JETAIRWAYS,EQ,01-Jun-2018,412.85,414.95,422.65,396.6,397.7,399.15,408.54,4680261,1912089957.6,58076,398768,8.52,452.5362915777905,386.4351369936387,419.4857142857146,16.525288646037957
263,JETAIRWAYS,EQ,04-Jun-2018,399.15,403.85,412.4,396.55,402.15,402.8,404.99,5364373,2172538840.65,65251,533319,9.94,449.2480526792847,384.6662330350017,416.9571428571432,16.145454911070757
264,JETAIRWAYS,EQ,05-Jun-2018,402.8,402.0,409.15,391.5,394.25,395.3,397.12,3442869,1367220615.3,45908,397147,11.54,443.17307404401737,383.61264024169765,413.3928571428575,14.890108450579941
265,JETAIRWAYS,EQ,06-Jun-2018,395.3,396.3,405.0,391.5,403.0,402.4,399.86,2943763,1177104826.3,44148,247472,8.41,436.9792960616404,384.534989652646,410.7571428571432,13.111076602248607
266,JETAIRWAYS,EQ,07-Jun-2018,402.4,406.05,421.0,404.25,411.8,412.05,414.47,4132149,1712647589.0,57582,431229,10.44,436.39559577584293,384.4115470813007,410.4035714285718,12.99601217363555
267,JETAIRWAYS,EQ,08-Jun-2018,412.05,408.5,408.5,397.2,397.7,399.7,400.28,4395214,1759325961.2,62372,942605,21.45,436.4333280084966,384.26667199150415,410.35000000000036,13.041664004248116
268,JETAIRWAYS,EQ,11-Jun-2018,399.7,401.7,406.5,397.65,401.0,400.2,402.52,2392944,963205854.45,30796,254102,10.62,434.91204755484046,382.95938101658885,408.93571428571465,12.988166634562901
269,JETAIRWAYS,EQ,12-Jun-2018,400.2,402.0,403.5,385.4,390.1,390.7,392.02,4321952,1694288051.75,55867,803650,18.59,433.4335543602142,380.09501706835783,406.764285714286,13.334634322964098
270,JETAIRWAYS,EQ,13-Jun-2018,390.7,392.0,400.0,389.0,390.35,392.3,395.7,2740222,1084313987.7,34629,379274,13.84,433.37386168821735,380.2404240260691,406.8071428571432,13.283359415537056
271,JETAIRWAYS,EQ,14-Jun-2018,392.3,392.45,395.95,385.1,388.7,388.6,389.99,2059808,803304175.95,29003,315793,15.33,433.93544052985527,377.335988041574,405.63571428571464,14.149863122070318
272,JETAIRWAYS,EQ,15-Jun-2018,388.6,390.0,395.7,385.05,386.35,387.85,390.16,2695778,1051775851.9,33540,255206,9.47,425.52113859113985,378.7574328374323,402.1392857142861,11.690926438426883
273,JETAIRWAYS,EQ,18-Jun-2018,387.85,394.1,399.2,388.5,390.15,391.05,394.24,2861361,1128050098.9,44647,350564,12.25,421.4325755587964,378.60313872691864,400.0178571428575,10.70735920796943
274,JETAIRWAYS,EQ,19-Jun-2018,391.05,389.9,394.8,386.65,387.0,388.35,390.47,2208031,862163186.9,31164,254295,11.52,413.9254611797711,380.83168167737256,397.37857142857183,8.273444875599624
275,JETAIRWAYS,EQ,20-Jun-2018,388.35,389.95,390.25,377.45,382.5,381.25,381.65,3014939,1150648772.3,41026,324239,10.75,411.1913581718166,379.0514989710413,395.12142857142896,8.03496480019382
276,JETAIRWAYS,EQ,21-Jun-2018,381.25,383.5,388.0,368.2,377.0,374.5,378.21,3724178,1408504019.95,44504,458379,12.31,412.61529130684164,374.1061372645877,393.36071428571466,9.627288510563481
277,JETAIRWAYS,EQ,22-Jun-2018,374.5,377.95,390.0,376.15,386.9,387.5,385.53,6466149,2492892643.15,75913,658282,10.18,410.94262857146833,373.5930857142467,392.2678571428575,9.337385714305421
278,JETAIRWAYS,EQ,25-Jun-2018,387.5,388.0,393.5,373.8,376.65,378.05,382.08,3076970,1175652584.1,37218,413465,13.44,411.0751150356461,370.99631353578326,391.0357142857147,10.019700374965698
279,JETAIRWAYS,EQ,26-Jun-2018,378.05,380.5,384.0,372.4,375.5,375.35,377.28,2874798,1084598327.8,36363,248890,8.66,409.63315474649517,368.57398811064854,389.10357142857185,10.264791658961665
280,JETAIRWAYS,EQ,27-Jun-2018,375.35,376.0,377.0,350.1,351.9,354.55,361.44,3711541,1341516238.9,43291,592556,15.97,408.5369489331341,361.45590820972393,384.996428571429,11.770260180852546
281,JETAIRWAYS,EQ,28-Jun-2018,354.55,346.05,351.25,328.0,330.15,332.3,338.67,6001292,2032451054.85,65845,656000,10.93,415.42740674283965,344.936878971447,380.18214285714333,17.622631942848155
282,JETAIRWAYS,EQ,29-Jun-2018,332.3,333.0,349.9,327.7,343.1,346.9,341.3,7774326,2653381936.45,84447,519560,6.68,413.75582087420685,338.99417912579406,376.37500000000045,18.6904104371032
283,JETAIRWAYS,EQ,02-Jul-2018,346.9,348.95,354.25,334.1,341.5,342.75,342.77,5603929,1920854605.15,59253,339883,6.07,413.3423640917666,332.55763590823426,372.95000000000044,20.196182045883106
284,JETAIRWAYS,EQ,03-Jul-2018,342.75,341.9,348.0,335.5,343.4,342.25,342.14,4106862,1405137715.55,40587,357961,8.72,411.22327447962266,327.52672552037825,369.37500000000045,20.92413723981109
285,JETAIRWAYS,EQ,04-Jul-2018,342.25,344.0,346.8,336.1,340.3,340.45,341.38,4234957,1445742161.7,48304,258265,6.1,408.877919248102,322.99350932332743,365.9357142857147,21.471102481193654
286,JETAIRWAYS,EQ,05-Jul-2018,340.45,341.75,342.7,332.3,334.25,334.45,338.15,2713759,917651171.25,30617,292375,10.77,406.1512735943899,318.091583548468,362.12142857142896,22.014922511480485
287,JETAIRWAYS,EQ,06-Jul-2018,334.45,334.9,350.6,334.05,344.0,345.0,343.12,4635277,1590466448.3,57592,536531,11.57,400.3619209991725,317.30236471511387,358.8321428571432,20.76488907101465
288,JETAIRWAYS,EQ,09-Jul-2018,345.0,348.0,352.0,343.5,346.7,345.9,346.88,2481834,860900475.75,31612,196431,7.91,394.1207917053105,317.47920829469007,355.8000000000003,19.160395852655117
289,JETAIRWAYS,EQ,10-Jul-2018,345.9,347.0,360.0,345.45,347.7,348.7,353.41,4751755,1679322431.25,57503,353270,7.43,388.99140466036386,317.95859533963676,353.4750000000003,17.758202330181785
290,JETAIRWAYS,EQ,11-Jul-2018,348.7,347.5,349.5,336.65,337.5,338.6,341.76,3088854,1055655630.95,34722,412956,13.37,385.0450907900446,316.77633778138465,350.9107142857146,17.067188252164968
291,JETAIRWAYS,EQ,12-Jul-2018,338.6,350.0,358.9,342.6,342.8,344.65,351.15,8076072,2835929272.7,89760,579306,7.17,374.7745384218462,320.9254615781544,347.8500000000003,13.46226921092296
292,JETAIRWAYS,EQ,13-Jul-2018,344.65,346.0,347.25,330.05,331.3,331.95,336.06,4931198,1657191585.2,56004,627255,12.72,366.36041915089174,322.75386656339447,344.5571428571431,10.901638146874326
293,JETAIRWAYS,EQ,16-Jul-2018,331.95,330.95,330.95,302.5,305.5,305.85,314.33,5840446,1835842825.5,63323,781948,13.39,362.7977590501302,316.3879552355847,339.59285714285744,11.602450953636376
294,JETAIRWAYS,EQ,17-Jul-2018,305.85,313.55,319.85,307.2,314.0,315.3,313.88,7116559,2233713534.65,74075,503399,7.07,361.6359285325689,311.94264289600306,336.789285714286,12.423321409141476
295,JETAIRWAYS,EQ,18-Jul-2018,315.3,315.45,321.25,302.6,308.95,307.65,311.31,5138154,1599550353.25,52036,575511,11.2,364.33831552332225,305.718827333821,335.02857142857164,14.654872047375308
296,JETAIRWAYS,EQ,19-Jul-2018,307.65,309.8,314.35,296.2,310.0,309.8,306.08,5546937,1697806333.0,58229,504295,9.09,363.70407625684095,301.0530666003025,332.3785714285717,15.662752414134617
297,JETAIRWAYS,EQ,20-Jul-2018,309.8,310.0,310.05,299.1,302.85,303.1,304.54,3068640,934523277.05,33424,360527,11.75,363.85972413955983,295.2331330032979,329.54642857142886,17.156647784065477
298,JETAIRWAYS,EQ,23-Jul-2018,303.1,304.0,324.0,301.4,315.1,315.25,313.36,5297906,1660149421.05,55801,622866,11.76,361.89048823177296,293.3452260539419,327.6178571428574,17.136315544457783
299,JETAIRWAYS,EQ,24-Jul-2018,315.25,315.0,323.05,313.0,317.05,317.0,317.85,3379150,1074072995.5,42427,302735,8.96,359.8036094890356,292.08210479667935,325.94285714285746,16.930376173089062
300,JETAIRWAYS,EQ,25-Jul-2018,317.0,318.0,319.35,305.9,307.35,308.25,311.92,3019780,941915430.9,33649,441292,14.61,358.7919548498942,289.3509022929636,324.0714285714289,17.36026313923265
301,JETAIRWAYS,EQ,26-Jul-2018,308.25,307.0,311.4,303.0,308.0,307.5,307.41,3048946,937288099.6,32807,255879,8.39,354.92394162237105,287.86177266334386,321.39285714285745,16.765542239756787
302,JETAIRWAYS,EQ,27-Jul-2018,307.5,308.0,317.9,308.0,313.5,312.95,313.47,3261849,1022486256.6,38536,383395,11.75,349.65962029946877,288.41895112910333,319.03928571428605,15.31016729259135
303,JETAIRWAYS,EQ,30-Jul-2018,312.95,315.05,325.6,312.75,318.0,318.35,320.06,4068967,1302293340.9,47627,571353,14.04,342.30392487302134,291.4389322698366,316.87142857142896,12.71624815079619
304,JETAIRWAYS,EQ,31-Jul-2018,318.35,307.55,311.45,304.0,308.95,309.0,307.97,4743176,1460747540.15,48314,628706,13.25,337.1479671159249,292.3663185983615,314.7571428571432,11.195412129390872
305,JETAIRWAYS,EQ,01-Aug-2018,309.0,312.0,314.6,308.1,310.0,311.05,311.18,2766093,860765345.7,30383,282074,10.2,326.70345608721516,298.0108296270713,312.35714285714323,7.173156615035968
306,JETAIRWAYS,EQ,02-Aug-2018,311.05,310.0,333.8,307.2,330.4,331.15,322.93,8297531,2679482825.25,83315,1018546,12.28,326.31263166405546,298.28736833594525,312.30000000000035,7.006315832027551
307,JETAIRWAYS,EQ,03-Aug-2018,331.15,323.9,323.9,301.1,307.2,308.3,310.1,20142776,6246324590.3,198058,2121147,10.53,326.19885626447154,298.7511437355292,312.47500000000036,6.861928132235585
308,JETAIRWAYS,EQ,06-Aug-2018,308.3,303.5,314.9,299.95,306.65,307.25,307.64,9106757,2801647241.1,91974,678781,7.45,325.78757053567176,298.012429464329,311.9000000000004,6.943785267835695
309,JETAIRWAYS,EQ,07-Aug-2018,307.25,308.5,312.7,303.0,303.6,304.6,306.67,4726611,1449501900.1,47011,573096,12.12,325.94746429071176,297.4168214235748,311.6821428571433,7.132660716784233
310,JETAIRWAYS,EQ,08-Aug-2018,304.6,302.1,306.5,290.7,292.55,294.2,298.87,7240952,2164083978.0,65231,943305,13.03,327.62949234007783,293.5062219456372,310.5678571428575,8.530817598610144
311,JETAIRWAYS,EQ,09-Aug-2018,294.2,296.0,308.0,286.1,303.35,301.75,297.99,12888298,3840590449.35,114825,1131143,8.78,327.72901171110425,293.2138454317536,310.47142857142893,8.628791569837666
312,JETAIRWAYS,EQ,10-Aug-2018,301.75,271.6,285.9,258.0,276.0,276.1,278.35,23187485,6454135782.3,227829,1338424,5.77,332.5872073875785,282.76279261242223,307.67500000000035,12.456103693789062
313,JETAIRWAYS,EQ,13-Aug-2018,276.1,274.0,292.0,266.35,287.4,286.6,278.72,14719731,4102682331.6,138851,1053659,7.16,332.1534224682715,278.85372038887215,305.50357142857183,13.32492551984984
314,JETAIRWAYS,EQ,14-Aug-2018,286.6,283.95,290.7,277.7,284.7,283.45,281.84,10079806,2840878814.65,79224,544051,5.4,332.78426067063776,274.6800250436487,303.73214285714323,14.526058906747274
315,JETAIRWAYS,EQ,16-Aug-2018,283.45,289.9,303.95,289.0,302.0,300.25,294.68,10275916,3028153538.15,95218,1053003,10.25,332.23553598079917,274.19303544777307,303.2142857142861,14.510625133256525
316,JETAIRWAYS,EQ,17-Aug-2018,300.25,303.25,310.0,298.2,300.15,300.9,305.43,7022196,2144758479.3,68635,534770,7.62,330.84085507705163,273.86628778009197,302.3535714285718,14.243641824239903
317,JETAIRWAYS,EQ,20-Aug-2018,300.9,304.0,307.0,295.1,304.0,301.4,302.28,7737820,2338981838.65,82366,537157,6.94,328.10128260309745,274.18443168261746,301.14285714285745,13.479212730119995
318,JETAIRWAYS,EQ,21-Aug-2018,301.4,297.4,297.4,289.65,291.5,292.5,293.31,7424446,2177699277.6,68457,608070,8.19,326.88569351181417,273.04287791675796,299.96428571428606,13.460703898764065
319,JETAIRWAYS,EQ,23-Aug-2018,292.5,292.5,292.5,280.1,280.5,282.1,285.17,4217824,1202776960.0,43894,629299,14.92,325.5862063099265,270.20665083293125,297.8964285714289,13.844888869248813
320,JETAIRWAYS,EQ,24-Aug-2018,282.1,278.7,282.5,275.0,275.3,275.85,277.7,4559821,1266282452.35,46711,466514,10.23,316.5034491154365,271.3894080274214,293.94642857142895,11.278510272003771
321,JETAIRWAYS,EQ,27-Aug-2018,275.85,276.0,288.7,271.25,282.1,282.25,278.92,9836496,2743549895.2,95275,478679,4.87,313.82523620284553,270.34619236858384,292.0857142857147,10.869760958565424
322,JETAIRWAYS,EQ,28-Aug-2018,282.25,277.0,302.9,271.65,299.8,295.45,286.53,24473804,7012372666.8,197806,1368361,5.59,311.2996172593924,271.18609702632267,291.24285714285753,10.028380058267441
323,JETAIRWAYS,EQ,29-Aug-2018,295.45,295.95,302.6,289.1,291.1,291.3,295.43,9606837,2838129208.95,82480,809085,8.42,308.8263551788233,271.7593591068918,290.29285714285754,9.26674901798287
324,JETAIRWAYS,EQ,30-Aug-2018,291.3,288.0,289.9,281.45,286.8,286.95,285.19,6361202,1814126117.45,52249,560962,8.82,308.2432575913417,271.30674240865915,289.77500000000043,9.23412879567063
325,JETAIRWAYS,EQ,31-Aug-2018,286.95,280.1,285.4,277.0,282.45,282.55,281.78,5598066,1577401503.05,46572,442305,7.9,305.86533027402083,270.9418125831229,288.40357142857187,8.730879422724485
326,JETAIRWAYS,EQ,03-Sep-2018,282.55,284.4,288.6,282.5,285.4,285.5,285.54,3219445,919283971.0,30055,382927,11.89,305.16808260374364,272.98191739625724,289.07500000000044,8.046541301871605
327,JETAIRWAYS,EQ,04-Sep-2018,285.5,283.0,283.0,268.1,268.65,271.6,276.33,6284539,1736626610.55,55458,695589,11.07,306.60784985647035,269.3992930006734,288.0035714285719,9.30213921394924
328,JETAIRWAYS,EQ,05-Sep-2018,271.6,265.5,272.0,262.1,265.05,266.5,266.17,8438186,2245971323.65,59301,359741,4.26,308.60347054875353,264.98224373696166,286.7928571428576,10.905306702947973
329,JETAIRWAYS,EQ,06-Sep-2018,266.5,268.45,278.5,268.35,271.95,274.2,273.97,5667934,1552825565.25,42578,303332,5.35,306.2361550159955,263.62813069829116,284.93214285714333,10.652006079426096
330,JETAIRWAYS,EQ,07-Sep-2018,274.2,271.0,282.4,266.15,278.25,275.85,273.04,6315660,1724405579.05,39816,410049,6.49,302.81508892512596,263.4706253605893,283.1428571428576,9.836115891134174
331,JETAIRWAYS,EQ,10-Sep-2018,275.85,280.0,283.45,275.75,278.55,278.75,279.61,3682794,1029745161.7,35077,371166,10.08,298.23122868638154,264.81877131361944,281.5250000000005,8.353114343190521
332,JETAIRWAYS,EQ,11-Sep-2018,278.75,278.5,282.4,268.3,270.95,269.8,276.35,2979164,823297817.8,24717,295951,9.93,296.4266305737504,263.38051228339344,279.9035714285719,8.261529572589234
333,JETAIRWAYS,EQ,12-Sep-2018,269.8,270.0,273.0,258.5,263.7,264.9,263.8,3797439,1001755611.4,33109,304007,8.01,296.9585676538373,260.39143234616364,278.67500000000047,9.1417838269184
334,JETAIRWAYS,EQ,14-Sep-2018,264.9,269.65,272.8,263.2,266.5,266.5,268.54,2635304,707693611.85,22365,207461,7.87,297.38551530376276,258.6287704105239,278.0071428571433,9.689186223309715
335,JETAIRWAYS,EQ,17-Sep-2018,266.5,266.0,272.2,262.0,264.0,265.25,267.33,2875474,768696385.6,24707,235907,8.2,297.1326195324361,256.453094753279,276.79285714285754,10.169881194789259
336,JETAIRWAYS,EQ,18-Sep-2018,265.25,266.5,267.9,251.65,254.0,253.85,259.09,3805976,986109149.1,37983,485593,12.76,294.57061629546695,253.07224084739107,273.821428571429,10.374593862018964
337,JETAIRWAYS,EQ,19-Sep-2018,253.85,253.85,254.0,238.5,241.2,243.15,243.63,6477896,1578204155.05,68522,428586,6.62,294.36196152399884,246.4023241902878,270.3821428571433,11.989909333427754
338,JETAIRWAYS,EQ,21-Sep-2018,243.15,227.1,242.35,223.65,229.3,229.45,230.61,9785371,2256606538.0,90458,848826,8.67,296.82704261077964,235.7229573892212,266.27500000000043,15.276021305389614
339,JETAIRWAYS,EQ,24-Sep-2018,229.45,231.15,231.15,211.35,214.0,213.7,217.83,5234957,1140305248.45,43496,404644,7.73,301.3352110203811,221.37907469390547,261.3571428571433,19.989034081618914
340,JETAIRWAYS,EQ,25-Sep-2018,213.7,207.65,211.7,188.5,191.75,192.45,200.83,9009366,1809342349.85,71231,716552,7.95,306.57196673388694,202.84946183754244,254.7107142857147,25.93062622408613
341,JETAIRWAYS,EQ,26-Sep-2018,192.45,192.0,196.9,188.0,190.65,192.05,192.92,6007128,1158900367.55,49492,396366,6.6,309.61612681852307,188.44101603862063,249.02857142857187,30.293777694975613
342,JETAIRWAYS,EQ,27-Sep-2018,192.05,182.5,187.8,173.15,183.2,183.4,181.18,13716065,2485068142.65,105972,579692,4.23,312.0161574024929,174.16955688322224,243.09285714285758,34.46165012981768
343,JETAIRWAYS,EQ,28-Sep-2018,183.4,182.4,193.8,173.15,179.5,180.1,182.56,11082570,2023222876.95,93567,548576,4.95,310.39185937146357,162.35099777139447,236.37142857142902,37.01021540001727
344,JETAIRWAYS,EQ,01-Oct-2018,180.1,172.8,177.0,162.8,171.5,171.35,169.47,7429791,1259111508.35,59596,267937,3.61,306.7551985825004,151.0590871317862,228.9071428571433,38.92402786267854
345,JETAIRWAYS,EQ,03-Oct-2018,171.35,168.0,185.6,164.1,173.0,177.2,175.39,10281077,1803148903.95,82219,490321,4.77,298.4124492842886,144.89469357285515,221.65357142857187,38.37943892785837
346,JETAIRWAYS,EQ,04-Oct-2018,177.2,170.9,203.9,169.1,185.5,197.1,187.25,14575514,2729300243.0,113834,678159,4.65,288.9038716158211,144.01755695560826,216.4607142857147,36.22157866505321
347,JETAIRWAYS,EQ,05-Oct-2018,197.1,186.5,198.0,178.05,180.0,182.4,187.56,10130374,1900038204.1,88469,426998,4.22,279.3677744856286,141.7679398000865,210.56785714285755,34.39995867138552
348,JETAIRWAYS,EQ,08-Oct-2018,182.4,181.0,185.45,176.75,180.2,180.95,180.88,5819693,1052683015.0,50154,229207,3.94,266.7460090945484,142.16827661973812,204.45714285714325,31.144433118702565
349,JETAIRWAYS,EQ,09-Oct-2018,180.95,184.0,184.0,169.2,177.0,175.75,175.29,6734104,1180389017.95,64647,262240,3.89,251.17042658142765,144.95814484714458,198.06428571428611,26.553070433570774
350,JETAIRWAYS,EQ,10-Oct-2018,175.75,186.8,199.7,180.7,188.3,189.05,188.13,12238130,2302396476.55,103150,593942,4.85,235.80817320331533,151.06325536811408,193.4357142857147,21.186229458800312
351,JETAIRWAYS,EQ,11-Oct-2018,189.05,183.6,198.2,179.6,191.1,191.2,192.32,10992075,2113998656.55,97846,483044,4.39,220.98494610948217,158.46505389051862,189.7250000000004,15.62997305474088
352,JETAIRWAYS,EQ,12-Oct-2018,191.2,196.0,204.8,195.45,199.15,200.75,200.72,8098882,1625596376.05,64906,489015,6.04,210.27853103793973,165.0714689620611,187.6750000000004,11.301765518969656
353,JETAIRWAYS,EQ,15-Oct-2018,200.75,200.0,207.75,190.65,203.35,201.75,196.41,6726821,1321239874.5,58112,291600,4.33,205.80395958062144,167.83889756223653,186.82142857142898,9.491265504596226
354,JETAIRWAYS,EQ,16-Oct-2018,201.75,202.65,222.85,199.4,218.5,219.0,212.09,12469365,2644589515.5,113103,687884,5.52,214.28540289138158,163.15031139433358,188.71785714285758,12.783772874262002
355,JETAIRWAYS,EQ,17-Oct-2018,219.0,220.0,223.5,212.2,216.4,216.55,216.28,8014226,1733313156.1,58874,372344,4.65,220.05565626920918,160.88005801650598,190.46785714285758,14.793899563175792
356,JETAIRWAYS,EQ,19-Oct-2018,216.55,223.2,234.9,223.1,226.5,229.7,229.38,10856279,2490168091.15,79208,577621,5.32,229.64338655201348,157.90661344798733,193.7750000000004,17.93419327600654
357,JETAIRWAYS,EQ,22-Oct-2018,229.7,223.2,224.0,208.15,213.95,211.6,217.28,6580251,1429728296.85,53333,379610,5.77,232.1491821839616,159.9008178160392,196.0250000000004,18.062091091980605
358,JETAIRWAYS,EQ,23-Oct-2018,211.6,207.0,220.0,207.0,212.95,212.75,212.89,6641537,1413898114.45,49238,262700,3.96,233.12912396352814,164.83516175075843,198.9821428571433,17.073490553192432
359,JETAIRWAYS,EQ,24-Oct-2018,212.75,220.0,224.0,213.75,221.7,220.65,218.45,7098613,1550683878.3,53493,336359,4.74,235.5968474201603,168.57458115126914,202.08571428571472,16.755566567222782
360,JETAIRWAYS,EQ,25-Oct-2018,220.65,217.2,230.9,215.3,228.9,229.15,223.42,5878245,1313295561.25,50498,473951,8.06,240.6813196448273,168.0686803551736,204.37500000000045,18.153159822413432
361,JETAIRWAYS,EQ,26-Oct-2018,229.15,228.0,229.25,215.1,215.1,217.1,222.78,4685775,1043886531.05,36458,288941,6.17,241.39230028774227,172.3148425694015,206.85357142857188,17.269364429585192
362,JETAIRWAYS,EQ,29-Oct-2018,217.1,214.0,216.5,201.8,212.5,214.2,208.0,8250198,1716051616.65,73260,415104,5.03,240.51390134740717,177.9432415097366,209.22857142857188,15.642664959417642
363,JETAIRWAYS,EQ,30-Oct-2018,214.2,220.0,242.65,217.2,236.95,236.0,228.6,9715051,2220822460.25,75688,797692,8.21,241.36468073700027,185.69960497728633,213.5321428571433,13.916268939928488
364,JETAIRWAYS,EQ,31-Oct-2018,236.0,237.0,243.25,210.6,217.4,221.9,232.06,8178819,1897969716.65,67778,625462,7.65,240.1284156559779,191.62872720116582,215.87857142857186,12.124922113703017
365,JETAIRWAYS,EQ,01-Nov-2018,221.9,215.25,227.8,214.45,225.65,224.6,222.25,8088150,1797593337.8,68113,331410,4.1,238.25295283306446,198.27561859550786,218.26428571428616,9.994333559389153
366,JETAIRWAYS,EQ,02-Nov-2018,224.6,234.4,237.25,226.4,228.35,229.15,231.63,4541265,1051890025.1,36646,433380,9.54,238.28998756121106,202.29572672450414,220.2928571428576,8.998565209176727
367,JETAIRWAYS,EQ,05-Nov-2018,229.15,230.0,254.95,227.1,250.25,251.2,242.58,11077630,2687213162.85,91524,675071,6.09,245.23250227945098,202.4174977205499,223.82500000000044,10.703751139725272
368,JETAIRWAYS,EQ,06-Nov-2018,251.2,250.5,269.2,241.55,254.0,256.0,257.57,22627878,5828246644.9,192456,673633,2.98,253.6627550563634,199.27295922935176,226.46785714285758,13.597448956752915
369,JETAIRWAYS,EQ,07-Nov-2018,256.0,258.95,262.65,256.55,257.9,258.8,259.54,2412304,626098444.85,21708,215576,8.94,260.9772376524015,197.99419091902791,229.48571428571472,15.745761683343398
370,JETAIRWAYS,EQ,09-Nov-2018,258.8,260.5,267.45,253.3,256.5,257.45,260.69,7147251,1863217746.1,58127,469389,6.57,266.33034761265594,196.60536667305922,231.46785714285758,17.431245234899183
371,JETAIRWAYS,EQ,12-Nov-2018,257.45,255.0,255.0,239.45,243.0,242.25,245.68,10124218,2487267362.6,92257,658448,6.5,266.95971511034713,200.35457060393946,233.6571428571433,16.651286126601924
372,JETAIRWAYS,EQ,13-Nov-2018,242.25,236.6,257.8,236.15,255.0,254.65,250.78,24939073,6254301345.4,215451,639241,2.56,269.38502006200883,203.91497993799211,236.65000000000046,16.367510031004173
373,JETAIRWAYS,EQ,14-Nov-2018,254.65,260.05,266.0,255.0,256.0,257.9,261.18,11642964,3040873920.3,89871,835624,7.18,272.49593292688525,206.1254956445442,239.31071428571474,16.592609320585264
374,JETAIRWAYS,EQ,15-Nov-2018,257.9,271.0,335.0,263.6,326.0,320.9,297.22,47731670,14187035798.95,440047,2669764,5.59,300.01897055418215,191.7096008743902,245.86428571428615,27.077342419947982
375,JETAIRWAYS,EQ,16-Nov-2018,320.9,321.0,366.95,299.65,341.0,346.5,340.01,95938553,32620295013.95,975588,2676756,2.79,328.77063822254894,181.4436474917377,255.10714285714332,36.83174768270281
376,JETAIRWAYS,EQ,19-Nov-2018,346.5,322.1,337.6,303.05,322.5,322.7,323.45,36904233,11936594085.45,378626,1237992,3.35,340.6933303788269,185.02095533545972,262.8571428571433,38.918093760841785
377,JETAIRWAYS,EQ,20-Nov-2018,322.7,310.0,318.9,304.0,307.55,310.35,312.81,20229562,6328096568.35,170044,860462,4.25,348.22446795086364,188.11124633485156,268.1678571428576,40.028305404003014
378,JETAIRWAYS,EQ,21-Nov-2018,310.35,315.0,330.95,315.0,318.2,318.7,323.6,21196807,6859181802.9,187826,1011882,4.77,354.64426766094255,195.52001805334405,275.0821428571433,39.78106240189963
379,JETAIRWAYS,EQ,22-Nov-2018,318.7,318.2,324.4,305.8,309.2,308.4,316.49,10603220,3355773248.65,107749,748676,7.06,356.7858725496384,205.34984173607677,281.0678571428576,37.859007703390404
380,JETAIRWAYS,EQ,26-Nov-2018,308.4,316.5,318.95,294.2,303.0,302.15,305.0,15367789,4687180607.75,144373,692667,4.51,356.4496524011127,216.11463331317378,286.28214285714324,35.08375477198473
381,JETAIRWAYS,EQ,27-Nov-2018,302.15,301.55,307.4,290.1,292.5,293.6,294.27,9740169,2866252254.95,92738,555352,5.7,356.55468088462004,222.06674768680938,289.3107142857147,33.62198329945267
382,JETAIRWAYS,EQ,28-Nov-2018,293.6,292.5,319.8,287.55,306.0,308.4,309.47,22771617,7047022636.35,224514,1268659,5.57,358.10825214806465,227.99889070907903,293.05357142857184,32.5273403597464
383,JETAIRWAYS,EQ,29-Nov-2018,308.4,306.0,318.4,303.45,310.8,311.2,312.6,11311450,3535939417.5,115612,825427,7.3,359.34295850388867,234.2498986389692,296.7964285714289,31.27326496622986
384,JETAIRWAYS,EQ,30-Nov-2018,311.2,313.0,316.8,303.6,306.0,305.7,310.49,5923091,1839071565.9,64709,671222,11.33,358.62901010005737,241.85670418565766,300.24285714285753,29.193076478599934
385,JETAIRWAYS,EQ,03-Dec-2018,305.7,314.0,314.0,303.15,306.45,306.05,307.31,6389776,1963617091.6,60260,511306,8.0,352.70654363524517,256.89345636475554,304.80000000000035,23.953271817622408
386,JETAIRWAYS,EQ,04-Dec-2018,306.05,306.45,314.8,301.55,302.0,303.2,307.35,6630015,2037710715.55,66182,484041,7.3,346.6106151019661,269.9250991837489,308.2678571428575,19.17137897955432
387,JETAIRWAYS,EQ,05-Dec-2018,303.2,303.0,311.6,281.7,285.8,286.6,296.91,11042095,3278507856.55,109379,791681,7.17,338.8824023301513,281.75331195556385,310.3178571428576,14.28227259364687
388,JETAIRWAYS,EQ,06-Dec-2018,286.6,286.5,292.5,274.8,278.05,277.7,282.45,14265326,4029290562.1,133449,623852,4.37,339.9096958947587,274.55458981952785,307.2321428571433,16.338776518807713
389,JETAIRWAYS,EQ,07-Dec-2018,277.7,284.0,288.75,271.25,275.9,276.25,280.12,9175632,2570238606.15,87695,491110,5.35,330.1474319627728,274.2811394657995,302.2142857142862,13.966573124243332
390,JETAIRWAYS,EQ,10-Dec-2018,276.25,262.4,268.0,255.1,256.5,257.65,260.92,8428985,2199273914.2,90263,452980,5.37,331.76145994405636,263.3742543416588,297.5678571428576,17.09680140059938
391,JETAIRWAYS,EQ,11-Dec-2018,257.65,251.0,258.8,249.3,250.6,251.35,252.89,6157967,1557311481.65,58857,527736,8.57,334.58079291156116,252.12634994558255,293.35357142857185,20.613610741494654
392,JETAIRWAYS,EQ,12-Dec-2018,251.35,253.7,262.5,253.25,258.6,258.45,257.44,5918137,1523577302.7,53606,390966,6.61,331.44194408228543,246.6580559177155,289.05000000000047,21.195972041142475
393,JETAIRWAYS,EQ,13-Dec-2018,258.45,261.8,265.5,248.4,249.5,251.95,257.86,5544435,1429668235.15,72827,631869,11.4,330.13266124804227,239.9030530376729,285.01785714285757,22.557402052592337
394,JETAIRWAYS,EQ,14-Dec-2018,251.95,250.0,268.95,247.0,259.95,259.9,259.87,12463395,3238816376.9,124796,661476,5.31,327.82496800114933,236.17503199885147,282.0000000000004,22.912484000574462
395,JETAIRWAYS,EQ,17-Dec-2018,259.9,253.9,253.9,247.1,250.95,249.95,250.53,10166132,2546964479.65,99842,615689,6.06,327.18029710029555,230.5839886139911,278.8821428571433,24.14907712157612
396,JETAIRWAYS,EQ,18-Dec-2018,249.95,242.5,249.7,240.0,244.0,245.8,244.27,9543942,2331284787.85,97976,679223,7.12,322.52764203741503,226.29378653401443,274.41071428571473,24.058463875850144
397,JETAIRWAYS,EQ,19-Dec-2018,245.8,250.0,253.3,243.75,244.9,246.15,249.57,7341690,1832253153.85,62775,671184,9.14,315.058170996459,224.47040043211325,269.76428571428613,22.646942641086444
398,JETAIRWAYS,EQ,20-Dec-2018,246.15,244.9,254.0,244.6,252.0,252.15,250.26,7317546,1831262997.6,60475,742644,10.15,307.0078995690857,224.87067185948675,265.9392857142862,20.53430692739973
399,JETAIRWAYS,EQ,21-Dec-2018,252.15,252.5,258.8,250.5,251.0,252.65,254.22,8358328,2124831934.3,75872,598197,7.16,296.52358561491,227.7264143850909,262.12500000000045,17.199292807454782
400,JETAIRWAYS,EQ,24-Dec-2018,252.65,254.0,255.85,251.1,252.3,252.05,253.07,5732569,1450734761.7,47042,325621,5.68,283.7274930155849,233.2153641272732,258.47142857142904,12.628032222077925
401,JETAIRWAYS,EQ,26-Dec-2018,252.05,252.65,272.0,251.0,271.0,268.8,261.17,17444354,4555985600.45,155756,1409254,8.08,277.70069417207725,236.69930582792378,257.2000000000005,10.250347086038364
402,JETAIRWAYS,EQ,27-Dec-2018,268.8,270.0,274.55,263.1,269.0,270.55,269.85,14701007,3967081268.95,119425,1053579,7.17,275.2549769243772,238.1235945041953,256.68928571428626,9.282845605045473
403,JETAIRWAYS,EQ,28-Dec-2018,270.55,273.0,278.0,267.05,276.15,276.6,273.1,9637655,2632032571.8,74612,637916,6.62,275.3940332241303,238.03453820444219,256.71428571428623,9.339873754922031
404,JETAIRWAYS,EQ,31-Dec-2018,276.6,281.0,283.2,275.55,278.0,277.45,279.63,5634160,1575503875.3,48164,475032,8.43,279.862087349478,236.39505550766592,258.12857142857195,10.866757960453022
405,JETAIRWAYS,EQ,01-Jan-2019,277.45,280.1,284.45,276.35,280.7,280.8,281.84,7699462,2170015528.35,63338,347654,4.52,284.6718207834465,235.79246493084034,260.2321428571434,12.219838963151535
406,JETAIRWAYS,EQ,02-Jan-2019,280.8,272.0,278.35,260.5,261.45,263.55,269.3,11588833,3120835040.4,92077,959384,8.28,285.073685339696,236.1191718031622,260.5964285714291,12.238628384133454
407,JETAIRWAYS,EQ,03-Jan-2019,263.55,261.0,261.45,245.1,246.25,247.2,252.03,12487699,3147269280.95,106548,916100,7.34,285.37400379348,235.14028192080679,260.2571428571434,12.558430468168302
408,JETAIRWAYS,EQ,04-Jan-2019,247.2,242.0,250.25,236.1,244.8,245.2,242.53,18709843,4537677462.0,135195,383410,2.05,285.58568475251803,232.82860096176867,259.20714285714337,13.189270947687346
409,JETAIRWAYS,EQ,07-Jan-2019,245.2,244.8,252.6,242.8,246.0,246.2,248.41,8624216,2142312079.65,69366,400972,4.65,285.79460114776293,232.08397028080955,258.93928571428626,13.427657716738349
410,JETAIRWAYS,EQ,08-Jan-2019,246.2,246.0,248.45,242.0,245.45,245.35,244.64,6063465,1483360671.6,48498,209285,3.45,285.8311915052007,231.98309420908598,258.90714285714336,13.462024324028688
411,JETAIRWAYS,EQ,09-Jan-2019,245.35,243.0,246.8,241.0,243.45,244.2,243.01,5204669,1264794742.25,41487,343796,6.61,285.9946710512634,231.54104323445182,258.7678571428576,13.613406954202905
412,JETAIRWAYS,EQ,10-Jan-2019,244.2,241.0,248.55,239.25,241.8,242.8,242.85,4422435,1073969306.35,38964,191704,4.33,286.4611597896485,229.73884021035246,258.1000000000005,14.180579894824003
413,JETAIRWAYS,EQ,11-Jan-2019,242.8,250.0,257.8,243.55,257.0,253.65,249.39,8275325,2063810272.8,72540,846097,10.22,286.4784463010631,229.86441084179506,258.1714285714291,14.153508864817015
414,JETAIRWAYS,EQ,14-Jan-2019,253.65,254.5,300.85,248.55,293.4,294.45,274.23,35517810,9740076731.3,295891,2406476,6.78,295.18839168347586,227.211608316525,261.20000000000044,16.994195841737717
415,JETAIRWAYS,EQ,15-Jan-2019,294.45,298.2,313.5,288.35,292.5,293.7,300.6,42059814,12643382363.1,386791,2022383,4.81,301.0418328249689,224.91531003217483,262.97857142857185,19.031630698198505
416,JETAIRWAYS,EQ,16-Jan-2019,293.7,293.0,294.0,265.0,271.75,269.7,276.55,41556201,11492328512.25,369622,1827221,4.4,300.9317737674496,224.9039405182655,262.91785714285754,19.006958312296025
417,JETAIRWAYS,EQ,17-Jan-2019,269.7,263.0,295.85,256.4,283.95,285.3,273.76,60386854,16531407766.0,524131,1516638,2.51,302.7812996704944,224.29727175807795,263.53928571428617,19.621006978104106
418,JETAIRWAYS,EQ,18-Jan-2019,285.3,283.95,295.0,276.0,276.85,281.2,285.05,37902370,10803944495.55,340022,1072953,2.83,303.5067041246654,224.1075815896211,263.8071428571433,19.849780633761082
419,JETAIRWAYS,EQ,21-Jan-2019,281.2,275.0,284.25,272.0,275.0,276.2,278.41,15657206,4359161480.0,131080,537118,3.43,302.64485823210487,224.31228462503887,263.47857142857185,19.583143401766492
420,JETAIRWAYS,EQ,22-Jan-2019,276.2,273.0,278.95,268.0,268.85,272.35,275.42,10225512,2816326194.7,88246,498657,4.88,303.55977964417093,224.65450607011553,264.10714285714323,19.726318393513854
421,JETAIRWAYS,EQ,23-Jan-2019,272.35,272.0,276.5,263.4,265.0,265.5,270.9,8345379,2260728100.4,80934,656860,7.87,303.6476869105118,227.1808845180604,265.4142857142861,19.11670059811286
422,JETAIRWAYS,EQ,24-Jan-2019,265.5,266.0,275.95,263.0,265.8,265.85,269.32,12514642,3370394278.9,110299,634358,5.07,303.31387965786547,230.4646917707068,266.88928571428613,18.212296971789666
423,JETAIRWAYS,EQ,25-Jan-2019,265.85,268.0,269.8,247.1,252.0,253.05,261.53,6740359,1762797753.4,66248,618131,9.17,302.7755229332251,231.9816199239187,267.3785714285719,17.698475752326594
424,JETAIRWAYS,EQ,28-Jan-2019,253.05,255.95,261.05,242.6,246.6,244.8,251.31,9565855,2403991437.6,102467,648501,6.78,302.84261553798046,231.83595589059186,267.3392857142862,17.751664911847154
425,JETAIRWAYS,EQ,29-Jan-2019,244.8,245.45,251.4,237.2,245.0,243.1,244.84,6416914,1571139240.5,66602,489385,7.63,302.9887937098771,231.53263486155242,267.26071428571476,17.86403971208117
426,JETAIRWAYS,EQ,30-Jan-2019,243.1,242.0,245.95,235.0,241.0,242.45,240.21,7392210,1775678699.0,72589,558297,7.55,303.03793657536755,231.4334919960619,267.2357142857147,17.901111144826416
427,JETAIRWAYS,EQ,31-Jan-2019,242.45,241.0,245.0,232.15,236.75,238.05,238.62,6327414,1509834631.7,67651,527532,8.34,304.61497876613043,227.6278783767276,266.121428571429,19.2467750973507
428,JETAIRWAYS,EQ,01-Feb-2019,238.05,238.0,281.8,234.1,253.35,255.15,261.03,27955595,7297196307.8,248099,1210058,4.33,298.49838239644134,228.13018903213106,263.3142857142862,17.59204834107757
429,JETAIRWAYS,EQ,04-Feb-2019,255.15,255.15,255.8,240.5,243.0,243.4,245.59,5627563,1382060066.1,51801,426203,7.57,291.6627621567282,227.78009498612988,259.72142857142904,15.970666792649585
430,JETAIRWAYS,EQ,05-Feb-2019,243.4,243.4,248.65,233.3,235.1,236.2,239.96,7164171,1719099889.0,65738,475861,6.64,291.02099729015276,223.63614556699108,257.32857142857193,16.846212930790426
431,JETAIRWAYS,EQ,06-Feb-2019,236.2,239.0,242.0,235.3,236.5,236.85,237.63,5478155,1301789095.7,45107,276858,5.05,285.04296079802833,222.6927534876869,253.86785714285762,15.587551827585358
432,JETAIRWAYS,EQ,07-Feb-2019,236.85,238.0,242.85,235.2,237.0,236.6,238.41,4961726,1182940283.75,48821,304960,6.15,278.7900833487528,222.57420236553386,250.68214285714333,14.053970245804729
433,JETAIRWAYS,EQ,08-Feb-2019,236.6,235.0,236.15,216.65,225.9,225.95,230.88,5545462,1280344586.25,53940,408814,7.37,273.97058189609174,220.21513238962348,247.0928571428576,13.438862376617067
434,JETAIRWAYS,EQ,11-Feb-2019,225.95,226.0,227.4,212.3,214.45,214.1,217.32,5249311,1140786653.8,49766,433255,8.25,270.9765199746797,214.88776573960692,242.93214285714333,14.022188558768207
435,JETAIRWAYS,EQ,12-Feb-2019,214.1,204.45,224.7,203.5,220.05,221.15,216.71,14259693,3090207327.7,146070,626058,4.39,266.8296887956102,212.69888263296215,239.7642857142862,13.532701540662012
436,JETAIRWAYS,EQ,13-Feb-2019,221.15,221.2,232.0,221.2,224.05,224.25,226.29,7836669,1773383822.3,72472,429685,5.48,260.4400022670785,213.14571201863677,236.79285714285763,11.82357256211043
437,JETAIRWAYS,EQ,14-Feb-2019,224.25,224.25,230.95,212.05,225.95,225.9,221.27,8512439,1883563498.6,94548,298949,3.51,257.17339581045366,212.53374704669017,234.8535714285719,11.159912190940876
438,JETAIRWAYS,EQ,15-Feb-2019,225.9,225.0,242.8,215.0,230.4,232.55,232.46,23895234,5554611616.75,228662,679440,2.84,255.5671978602667,212.38994499687712,233.9785714285719,10.794313215847396
439,JETAIRWAYS,EQ,18-Feb-2019,232.55,238.5,246.0,230.0,232.85,232.3,236.97,7503287,1778052256.05,78380,632756,8.43,254.1540301655375,212.26025554874917,233.20714285714334,10.473443654197089
440,JETAIRWAYS,EQ,19-Feb-2019,232.3,232.35,236.55,230.1,232.5,231.95,232.88,4271096,994645721.9,37283,218644,5.12,252.71915191319417,212.1951338010925,232.45714285714334,10.131004528025409
441,JETAIRWAYS,EQ,20-Feb-2019,231.95,232.0,235.8,225.05,233.2,233.2,229.41,4945408,1134510114.3,49135,351282,7.1,252.12513902890112,212.09628954252838,232.11071428571475,10.007212371593186
442,JETAIRWAYS,EQ,21-Feb-2019,233.2,234.0,236.95,231.5,235.0,234.85,234.73,3635864,853440728.05,34949,372685,10.25,245.84305111661203,215.47837745481743,230.66071428571473,7.591168415448643
443,JETAIRWAYS,EQ,22-Feb-2019,234.85,238.0,244.0,235.0,235.0,236.45,237.96,5633402,1340514931.3,49822,504061,8.95,243.94177172870792,216.38679969986435,230.16428571428614,6.888743007210889
444,JETAIRWAYS,EQ,25-Feb-2019,236.45,229.95,233.45,225.0,227.5,229.05,229.57,6684055,1534426165.35,61036,399653,5.98,242.990302909406,216.31683994773778,229.6535714285719,6.668365740417059
445,JETAIRWAYS,EQ,26-Feb-2019,229.05,225.0,227.0,221.0,223.15,223.7,224.46,3885743,872210019.2,35279,322408,8.3,241.71579027635835,215.712781152214,228.71428571428618,6.500752281036079
446,JETAIRWAYS,EQ,27-Feb-2019,223.7,225.4,230.5,219.0,225.7,224.3,225.42,5629089,1268925565.7,44747,385340,6.85,240.1878818669332,215.48354670449635,227.83571428571477,6.1760837906092165
447,JETAIRWAYS,EQ,28-Feb-2019,224.3,217.4,228.5,210.15,228.5,223.5,219.2,16257896,3563809343.1,137755,536169,3.3,240.19602923499227,215.12539933643725,227.66071428571476,6.2676574746387494
448,JETAIRWAYS,EQ,01-Mar-2019,223.5,234.0,238.9,230.0,232.55,234.05,234.27,15955129,3737829147.0,132695,909620,5.7,239.3016466819153,218.86978188951431,229.0857142857148,5.107966198100238
449,JETAIRWAYS,EQ,05-Mar-2019,234.05,224.0,243.2,224.0,239.1,239.1,233.83,11262853,2633626789.0,83800,801700,7.12,240.79685570396018,219.9388585817551,230.36785714285764,5.21449928055126
450,JETAIRWAYS,EQ,06-Mar-2019,239.1,239.0,245.4,236.2,239.3,240.6,241.1,6932975,1671554564.8,57977,553070,7.98,242.65267489485987,220.41875367656965,231.53571428571476,5.5584803045725595
451,JETAIRWAYS,EQ,07-Mar-2019,240.6,241.0,249.95,237.4,241.2,242.25,243.4,7663929,1865381127.4,60720,619001,8.08,244.67272821943186,220.73441463771195,232.7035714285719,5.984578395429983
452,JETAIRWAYS,EQ,08-Mar-2019,242.25,236.1,246.4,236.1,242.8,243.25,242.58,8461261,2052557597.9,77159,468395,5.54,246.6951370621914,220.24057722352381,233.4678571428576,6.613639959666904
453,JETAIRWAYS,EQ,11-Mar-2019,243.25,252.0,255.0,245.4,247.5,247.4,249.83,8698702,2173180408.35,73144,981144,11.28,249.68758309933878,219.40527404351928,234.54642857142903,7.570577263954868
454,JETAIRWAYS,EQ,12-Mar-2019,247.4,252.5,254.7,234.0,244.6,244.9,248.14,13380222,3320180539.5,108182,1098679,8.21,251.48635979127843,219.45649735157966,235.47142857142904,8.00746560992469
455,JETAIRWAYS,EQ,13-Mar-2019,244.9,240.0,242.8,236.7,240.8,240.85,239.88,5799201,1391096304.25,53032,441653,7.62,252.21988014768746,219.81583413802778,236.01785714285762,8.10101150241492
456,JETAIRWAYS,EQ,14-Mar-2019,240.85,235.25,242.15,234.4,236.0,237.8,238.92,6112919,1460512957.15,60856,549282,8.99,252.44189521274262,220.01524764440126,236.22857142857194,8.106661892085341
457,JETAIRWAYS,EQ,15-Mar-2019,237.8,238.0,240.4,231.6,235.5,235.15,235.91,6346180,1497117347.8,57397,518667,8.17,252.3584632024696,219.91296536896002,236.1357142857148,8.111374458377396
458,JETAIRWAYS,EQ,18-Mar-2019,235.15,236.5,238.0,233.05,236.6,236.75,235.86,4303604,1015060242.55,40592,338449,7.86,252.38737654805777,220.98405202337182,236.6857142857148,7.850831131171495
459,JETAIRWAYS,EQ,19-Mar-2019,236.75,235.0,236.5,223.05,228.1,229.25,230.17,13978970,3217561670.8,133019,875709,6.26,251.60769631631294,222.55658939797385,237.0821428571434,7.262776729584777
460,JETAIRWAYS,EQ,20-Mar-2019,229.25,215.0,224.65,213.35,218.05,218.55,218.29,13362607,2916983246.0,114515,916790,6.86,252.9707307879579,220.37212635490027,236.6714285714291,8.149651108264402
461,JETAIRWAYS,EQ,22-Mar-2019,218.55,218.6,230.0,218.55,224.0,226.05,225.32,12739236,2870443584.2,113006,789914,6.2,252.56522630320524,221.1419165539387,236.85357142857197,7.855827437316635
462,JETAIRWAYS,EQ,25-Mar-2019,226.05,223.15,265.7,219.0,261.0,254.1,243.3,43241234,10520606410.25,337801,2552133,5.9,256.3722340670517,220.19919450437794,238.28571428571482,9.043259890668443
463,JETAIRWAYS,EQ,26-Mar-2019,254.1,263.0,278.9,262.0,267.75,270.9,273.18,63123387,17243860539.25,466598,3059201,4.85,265.69641208163273,215.41787363265405,240.5571428571434,12.569634612244673
464,JETAIRWAYS,EQ,27-Mar-2019,270.9,283.7,287.0,273.75,279.6,276.65,280.11,25539580,7153821962.9,213854,1903688,7.45,274.8220249391603,211.44226077512653,243.1321428571434,15.84494104100844
465,JETAIRWAYS,EQ,28-Mar-2019,276.65,274.0,274.0,267.05,270.1,269.2,269.84,10875140,2934571291.65,90875,970189,8.92,279.6567617332545,210.45752398103232,245.0571428571434,17.299809438055533
466,JETAIRWAYS,EQ,29-Mar-2019,269.2,275.0,275.8,266.2,267.0,268.8,271.74,6964170,1892431053.15,59884,701782,10.08,283.6956564115204,210.0686293027664,246.8821428571434,18.406756777188512
467,JETAIRWAYS,EQ,01-Apr-2019,268.8,268.3,271.45,262.1,266.2,266.1,265.94,8034624,2136709026.45,69970,585552,7.29,286.44226753005756,209.99344675565777,248.21785714285767,19.112205193599944
468,JETAIRWAYS,EQ,02-Apr-2019,266.1,267.95,271.1,262.65,264.0,265.0,266.6,4598424,1225943715.55,40078,454484,9.88,288.83899776746955,210.46814508967438,249.65357142857195,19.592713169448785
469,JETAIRWAYS,EQ,03-Apr-2019,265.0,256.0,261.4,248.2,251.0,251.75,254.48,12220132,3109833713.7,101554,885253,7.24,289.29590108116537,211.5683846331214,250.4321428571434,19.43187911201099
470,JETAIRWAYS,EQ,04-Apr-2019,251.75,245.4,265.2,240.8,261.6,260.3,252.84,21731236,5494487094.85,188508,984721,4.53,290.51171697397535,213.56685445459712,252.03928571428625,19.236215629844562
471,JETAIRWAYS,EQ,05-Apr-2019,260.3,260.95,263.3,254.05,255.3,256.1,258.09,10827520,2794497659.4,85429,712649,6.58,290.78872507927827,216.28270349215137,253.53571428571482,18.62650539678173
472,JETAIRWAYS,EQ,08-Apr-2019,256.1,255.5,270.3,251.3,262.0,264.25,261.86,17928564,4694765223.85,157254,1129362,6.3,291.8289458653963,219.17105413460473,255.5000000000005,18.164472932697887
473,JETAIRWAYS,EQ,09-Apr-2019,264.25,264.5,270.0,261.3,265.2,267.4,266.06,11178219,2974114555.2,96422,952402,8.52,291.6818091264196,224.76819087358152,258.22500000000053,16.72840456320951
474,JETAIRWAYS,EQ,10-Apr-2019,267.4,265.2,273.15,258.6,262.25,263.1,266.97,11418980,3048552124.6,102671,1046540,9.16,285.87570532920364,236.93858038508307,261.40714285714336,12.23428123603015
475,JETAIRWAYS,EQ,11-Apr-2019,263.1,262.25,268.0,256.0,260.2,261.15,263.53,9627960,2537276318.25,85317,594130,6.17,277.5890479015309,250.23952352704154,263.9142857142862,6.8373810936223345
476,JETAIRWAYS,EQ,12-Apr-2019,261.15,258.0,265.4,257.0,260.9,260.85,261.04,11373464,2968972720.35,100969,680683,5.98,277.0158558584941,251.777001284364,264.39642857142906,6.309713643532528
477,JETAIRWAYS,EQ,15-Apr-2019,260.85,261.0,264.7,258.2,260.0,261.7,261.31,7175835,1875082248.15,63488,546010,7.61,275.8476539947837,251.63091743378874,263.7392857142862,6.054184140248739
478,JETAIRWAYS,EQ,16-Apr-2019,261.7,255.0,257.0,213.2,241.5,240.5,239.07,50984114,12188763392.65,446289,1822334,3.57,276.4141642995898,245.9001214146969,261.15714285714336,7.628510721223216
479,JETAIRWAYS,EQ,18-Apr-2019,240.5,216.45,216.45,158.7,165.75,164.85,171.64,56787168,9747080620.7,539196,5737842,10.1,306.8770822468901,200.53006061025374,253.7035714285719,26.586755409159085
480,JETAIRWAYS,EQ,22-Apr-2019,164.85,152.0,167.7,126.65,164.85,154.7,145.12,57937856,8407846480.9,434812,2166653,3.74,319.62840328315144,171.4787395739923,245.55357142857187,37.03741592728978
481,JETAIRWAYS,EQ,23-Apr-2019,154.7,158.3,174.95,157.5,167.55,169.75,166.67,42707445,7118074227.25,332333,1780138,4.17,321.86525891113575,155.4775982317223,238.67142857142903,41.59691516985336
482,JETAIRWAYS,EQ,24-Apr-2019,169.75,171.5,180.0,167.3,170.0,171.15,171.4,18321686,3140323576.45,157266,1301175,7.1,320.946269452481,142.98944483323424,231.9678571428576,44.48920615481168
483,JETAIRWAYS,EQ,25-Apr-2019,171.15,169.4,177.4,162.35,170.0,169.75,169.17,16618898,2811496462.95,146362,1157138,6.96,320.13232537405344,132.08910319737606,226.11071428571475,47.010805544169344
484,JETAIRWAYS,EQ,26-Apr-2019,169.75,169.5,173.35,164.5,165.1,167.45,168.88,10793648,1822823973.35,100935,657047,6.09,316.1725113729989,122.78463148414487,219.47857142857188,48.34696997221351
485,JETAIRWAYS,EQ,30-Apr-2019,167.45,162.7,162.7,145.1,149.8,153.35,154.93,10010406,1550942053.5,105686,884579,8.84,312.3917836963652,111.8867877322071,212.13928571428616,50.12624899103953
486,JETAIRWAYS,EQ,02-May-2019,153.35,138.05,143.0,118.9,135.4,134.25,128.95,34038376,4389350117.95,282548,1324778,3.89,306.3440426680103,99.3631001891335,202.85357142857188,51.74523561971919
487,JETAIRWAYS,EQ,03-May-2019,134.25,125.0,138.5,125.0,133.55,135.5,131.5,26924668,3540583387.45,191140,781515,2.9,295.6174617420142,91.24682397227242,193.4321428571433,51.09265944243544
488,JETAIRWAYS,EQ,06-May-2019,135.5,125.1,135.8,125.1,129.95,133.4,132.07,14561769,1923128923.65,104365,581906,4.0,282.59338234332245,85.74233194239278,184.1678571428576,49.21276260023241
489,JETAIRWAYS,EQ,07-May-2019,133.4,129.7,132.9,121.0,126.0,127.3,128.62,12212871,1570823578.85,89280,681164,5.58,266.61491725392375,82.5993684603629,174.60714285714332,46.00388719839021
490,JETAIRWAYS,EQ,08-May-2019,127.3,127.9,136.0,124.15,131.95,131.35,131.47,21943764,2884868582.7,165672,833160,3.8,245.25731958884091,85.45696612544573,165.35714285714332,39.95008836584879
491,JETAIRWAYS,EQ,09-May-2019,131.35,133.5,149.3,131.65,147.95,147.4,142.76,34122898,4871547231.5,223239,1497595,4.39,214.98681287076707,99.39890141494814,157.1928571428576,28.89697786395473
492,JETAIRWAYS,EQ,10-May-2019,147.4,150.2,157.9,145.3,146.0,151.75,152.92,22274234,3406186746.35,193811,1431777,6.43,183.11401313198508,118.59312972515875,150.8535714285719,16.130220851706582
493,JETAIRWAYS,EQ,13-May-2019,151.75,136.6,147.8,134.4,139.0,139.1,142.01,16971715,2410211017.1,145387,792138,4.67,180.76948949305577,117.2590819355166,149.0142857142862,15.877601889384788
