,Series,Symbol,Date,Prev Close,Open Price,High Price,Low Price,Last Price,Close Price,Average Price,Total Traded Quantity,Turnover,No. of Trades,Deliverable Qty,% Dly Qt to Traded Qty,Month,Year,Total_Cost,Day_Perc_Change,Trend
0,EQ,HDFCBANK,2017-05-15,1551.65,1550.0,1557.2,1542.25,       1553.00,1553.4,1550.73,701195,1087367599.8,15104,309282,44.11,5,2017,1089236313.0,,Slight or No change
1,EQ,HDFCBANK,2017-05-16,1553.4,1555.0,1562.0,1548.25,       1561.85,1559.65,1555.11,897594,1395856787.25,21073,347734,38.74,5,2017,1399932482.1000001,0.004023432470709354,Slight or No change
2,EQ,HDFCBANK,2017-05-17,1559.65,1558.8,1565.4,1551.5,       1557.50,1557.15,1557.51,868118,1352102516.9,32732,367931,42.38,5,2017,1351789943.7,-0.001602923732888839,Slight or No change
3,EQ,HDFCBANK,2017-05-18,1557.15,1549.0,1561.5,1548.1,       1557.50,1557.1,1556.99,776820,1209499656.15,13648,518101,66.7,5,2017,1209586422.0,-3.2109944449909555e-05,Slight or No change
4,EQ,HDFCBANK,2017-05-19,1557.1,1559.5,1569.9,1545.25,       1568.05,1561.25,1556.93,713534,1110925609.25,18458,296680,41.58,5,2017,1114004957.5,0.0026652109691092107,Slight or No change
5,EQ,HDFCBANK,2017-05-22,1561.25,1565.1,1580.0,1563.1,       1579.00,1576.0,1572.46,715013,1124331912.15,24974,413491,57.83,5,2017,1126860488.0,0.009447558046437043,Slight or No change
6,EQ,HDFCBANK,2017-05-23,1576.0,1580.0,1583.55,1565.0,       1569.00,1569.1,1575.09,770043,1212889747.95,17873,489628,63.58,5,2017,1208274471.3,-0.004378172588832552,Slight or No change
7,EQ,HDFCBANK,2017-05-24,1569.1,1569.05,1575.45,1562.0,       1567.00,1566.75,1566.76,866847,1358143699.6,34901,615909,71.05,5,2017,1358132537.25,-0.0014976738257599376,Slight or No change
8,EQ,HDFCBANK,2017-05-25,1566.75,1567.1,1629.4,1567.1,       1613.25,1617.15,1605.26,5022701,8062757340.0,60075,3585041,71.38,5,2017,8122460922.150001,0.03216850167544294,Slight or No change
9,EQ,HDFCBANK,2017-05-26,1617.15,1606.65,1632.0,1601.1,       1623.00,1626.0,1617.56,1360789,2201159155.0,31085,754482,55.44,5,2017,2212642914.0,0.005472590668769151,Slight or No change
10,EQ,HDFCBANK,2017-05-29,1626.0,1619.8,1648.0,1617.65,       1626.65,1631.9,1634.94,1479085,2418209870.85,48257,924191,62.48,5,2017,2413718811.5,0.003628536285362971,Slight or No change
11,EQ,HDFCBANK,2017-05-30,1631.9,1630.0,1633.5,1616.15,       1631.40,1629.05,1622.75,1108546,1798890005.0,26377,592343,53.43,5,2017,1805876861.3,-0.0017464305410871406,Slight or No change
12,EQ,HDFCBANK,2017-05-31,1629.05,1625.0,1643.0,1623.15,       1640.00,1636.2,1631.48,1329728,2169429926.8,18717,926698,69.69,5,2017,2175700953.6,0.004389061109235426,Slight or No change
13,EQ,HDFCBANK,2017-06-01,1636.2,1639.0,1639.85,1620.55,       1627.00,1628.6,1630.91,839885,1369779680.1,21114,481729,57.36,6,2017,1367836711.0,-0.004644908935338088,Slight or No change
14,EQ,HDFCBANK,2017-06-02,1628.6,1634.0,1646.1,1626.2,       1631.85,1634.25,1636.04,803386,1314369622.75,17867,390838,48.65,6,2017,1312933570.5,0.003469237381800383,Slight or No change
15,EQ,HDFCBANK,2017-06-05,1634.25,1633.7,1638.95,1625.0,       1638.50,1635.55,1633.27,724975,1184083532.85,14700,327218,45.14,6,2017,1185732861.25,0.000795471929019298,Slight or No change
16,EQ,HDFCBANK,2017-06-06,1635.55,1635.0,1643.8,1630.0,       1639.00,1638.95,1638.5,1250658,2049200642.3,14396,921531,73.68,6,2017,2049765929.1000001,0.0020788114090062315,Slight or No change
17,EQ,HDFCBANK,2017-06-07,1638.95,1640.4,1644.9,1630.35,       1641.30,1640.8,1638.26,638569,1046138986.8,28344,447948,70.15,6,2017,1047764015.1999999,0.00112877146953827,Slight or No change
18,EQ,HDFCBANK,2017-06-08,1640.8,1643.9,1659.4,1641.65,       1643.60,1644.75,1648.3,1062192,1750808057.65,25728,582580,54.85,6,2017,1747040292.0,0.0024073622623110857,Slight or No change
19,EQ,HDFCBANK,2017-06-09,1644.75,1640.1,1670.0,1640.1,       1669.90,1666.8,1660.39,1326318,2202209561.65,41645,878389,66.23,6,2017,2210706842.4,0.013406292749657878,Slight or No change
20,EQ,HDFCBANK,2017-06-12,1666.8,1664.0,1676.0,1660.0,       1666.00,1668.75,1666.54,992853,1654628890.15,40006,658975,66.37,6,2017,1656823443.75,0.0011699064074874865,Slight or No change
21,EQ,HDFCBANK,2017-06-13,1668.75,1661.75,1691.9,1661.0,       1674.00,1676.7,1680.14,1262905,2121860290.15,37080,831771,65.86,6,2017,2117512813.5,0.0047640449438202115,Slight or No change
22,EQ,HDFCBANK,2017-06-14,1676.7,1675.0,1679.95,1667.0,       1672.85,1671.2,1672.03,964590,1612824040.55,27840,714323,74.05,6,2017,1612022808.0,-0.003280252877676415,Slight or No change
23,EQ,HDFCBANK,2017-06-15,1671.2,1668.0,1675.6,1653.6,       1665.00,1664.35,1662.08,881673,1465414452.25,17284,530656,60.19,6,2017,1467412457.55,-0.004098851124940239,Slight or No change
24,EQ,HDFCBANK,2017-06-16,1664.35,1665.0,1674.7,1658.1,       1667.00,1669.25,1665.86,938776,1563872404.55,18765,583858,62.19,6,2017,1567051838.0,0.002944092288280853,Slight or No change
25,EQ,HDFCBANK,2017-06-19,1669.25,1671.0,1696.0,1668.4,       1690.70,1692.9,1683.38,956383,1609958237.65,26370,581131,60.76,6,2017,1619060780.7,0.01416803953871515,Slight or No change
26,EQ,HDFCBANK,2017-06-20,1692.9,1690.0,1694.0,1679.85,       1681.55,1686.55,1686.31,915066,1543084685.5,22817,675274,73.8,6,2017,1543304562.3,-0.003750959891310801,Slight or No change
27,EQ,HDFCBANK,2017-06-21,1686.55,1682.6,1701.25,1679.6,       1696.90,1698.7,1692.56,852733,1443298486.5,13383,435777,51.1,6,2017,1448537547.1000001,0.007204055616495175,Slight or No change
28,EQ,HDFCBANK,2017-06-22,1698.7,1694.95,1716.0,1691.2,       1699.00,1698.0,1705.36,1668865,2846016910.1,47395,870934,52.19,6,2017,2833732770.0,-0.00041207982574908986,Slight or No change
29,EQ,HDFCBANK,2017-06-23,1698.0,1702.0,1702.75,1675.2,       1681.10,1678.65,1684.39,1304367,2197062163.5,40032,835308,64.04,6,2017,2189575664.55,-0.011395759717314435,Slight or No change
30,EQ,HDFCBANK,2017-06-27,1678.65,1689.0,1695.0,1656.25,       1667.55,1667.65,1673.41,1500108,2510290432.5,41978,966813,64.45,6,2017,2501655106.2000003,-0.006552884758585731,Slight or No change
31,EQ,HDFCBANK,2017-06-28,1667.65,1665.0,1675.0,1657.8,       1666.50,1666.45,1666.08,1112259,1853114829.75,33276,759351,68.27,6,2017,1853524010.55,-0.0007195754504842888,Slight or No change
32,EQ,HDFCBANK,2017-06-29,1666.45,1667.0,1681.9,1651.1,       1655.00,1663.05,1666.21,2296927,3827159036.6,41505,1515335,65.97,6,2017,3819904447.35,-0.0020402652344805317,Slight or No change
33,EQ,HDFCBANK,2017-06-30,1663.05,1653.8,1660.0,1643.0,       1654.85,1652.05,1654.33,1082608,1790989876.0,20154,686217,63.39,6,2017,1788522546.3999999,-0.006614353146327523,Slight or No change
34,EQ,HDFCBANK,2017-07-03,1652.05,1652.6,1667.5,1647.25,       1660.00,1658.6,1658.07,876083,1452603241.7,29692,555332,63.39,7,2017,1453071263.8,0.003964771042038739,Slight or No change
35,EQ,HDFCBANK,2017-07-04,1658.6,1660.25,1666.7,1652.0,       1653.00,1653.35,1656.45,941520,1559578817.2,29651,629966,66.91,7,2017,1556662092.0,-0.0031653201495236427,Slight or No change
36,EQ,HDFCBANK,2017-07-05,1653.35,1653.1,1659.5,1645.0,       1647.15,1648.75,1651.02,1003550,1656877513.35,33969,745305,74.27,7,2017,1654603062.5,-0.002782230017842502,Slight or No change
37,EQ,HDFCBANK,2017-07-06,1648.75,1652.55,1663.0,1651.35,       1658.95,1658.15,1658.74,1142919,1895807617.7,36276,826102,72.28,7,2017,1895131139.8500001,0.005701288855193276,Slight or No change
38,EQ,HDFCBANK,2017-07-07,1658.15,1660.85,1669.6,1658.0,       1665.00,1667.2,1663.38,1379349,2294376290.9,34523,989181,71.71,7,2017,2299650652.8,0.005457889816964601,Slight or No change
39,EQ,HDFCBANK,2017-07-10,1667.2,1670.7,1748.0,1661.05,       1674.00,1676.35,1674.39,334769,560535368.7,6377,189620,56.64,7,2017,561190013.15,0.005488243761996081,Slight or No change
40,EQ,HDFCBANK,2017-07-11,1676.35,1677.55,1690.8,1667.1,       1676.15,1680.4,1681.6,1102570,1854082214.5,46609,683669,62.01,7,2017,1852758628.0,0.002415963253497244,Slight or No change
41,EQ,HDFCBANK,2017-07-12,1680.4,1680.0,1685.0,1658.55,       1680.55,1681.25,1675.45,1434723,2403800089.65,39173,807682,56.3,7,2017,2412128043.75,0.0005058319447750481,Slight or No change
42,EQ,HDFCBANK,2017-07-13,1681.25,1688.0,1693.3,1679.65,       1681.05,1683.55,1687.47,1120251,1890389586.05,38013,794284,70.9,7,2017,1885998571.05,0.0013680297397768992,Slight or No change
43,EQ,HDFCBANK,2017-07-14,1683.55,1683.9,1686.05,1672.0,       1682.00,1679.95,1677.65,610813,1024730172.4,19545,245408,40.18,7,2017,1026135299.35,-0.002138338629681269,Slight or No change
44,EQ,HDFCBANK,2017-07-17,1679.95,1682.55,1687.65,1677.0,       1685.00,1682.35,1681.96,599835,1008899560.35,15125,382911,63.84,7,2017,1009132412.25,0.001428613946843571,Slight or No change
45,EQ,HDFCBANK,2017-07-18,1682.35,1679.7,1687.85,1677.35,       1685.00,1683.55,1683.26,580547,977209674.65,20192,275144,47.39,7,2017,977379901.85,0.0007132879602935738,Slight or No change
46,EQ,HDFCBANK,2017-07-19,1683.55,1685.0,1696.2,1681.85,       1691.40,1692.3,1691.79,996811,1686392425.5,23454,496495,49.81,7,2017,1686903255.3,0.005197350836031012,Slight or No change
47,EQ,HDFCBANK,2017-07-20,1692.3,1693.9,1715.0,1688.15,       1712.00,1710.9,1701.51,924619,1573246423.25,29260,475755,51.45,7,2017,1581930647.1000001,0.010990959049813842,Slight or No change
48,EQ,HDFCBANK,2017-07-21,1710.9,1714.1,1715.25,1700.0,       1703.25,1703.05,1708.42,968377,1654392958.35,21353,438841,45.32,7,2017,1649194449.85,-0.00458822841779194,Slight or No change
49,EQ,HDFCBANK,2017-07-24,1703.05,1710.0,1740.0,1695.0,       1736.20,1735.1,1722.12,4919544,8472024384.4,120635,1776089,36.1,7,2017,8535900794.4,0.01881917735826888,Slight or No change
50,EQ,HDFCBANK,2017-07-25,1735.1,1759.0,1759.0,1733.05,       1735.85,1739.65,1746.35,2790117,4872510632.75,58567,1401306,50.22,7,2017,4853827039.05,0.002622327243386735,Slight or No change
51,EQ,HDFCBANK,2017-07-26,1739.65,1742.0,1755.0,1732.5,       1751.25,1747.55,1743.52,973836,1697904581.95,30206,460853,47.32,7,2017,1701827101.8,0.004541143333429032,Slight or No change
52,EQ,HDFCBANK,2017-07-27,1747.55,1756.0,1798.8,1751.55,       1785.10,1789.65,1783.31,4490428,8007829721.7,53641,2776563,61.83,7,2017,8036294470.200001,0.02409087007524824,Slight or No change
53,EQ,HDFCBANK,2017-07-28,1789.65,1772.0,1786.5,1761.1,       1774.40,1778.5,1773.42,2313849,4103424871.75,75518,1381677,59.71,7,2017,4115180446.5,-0.006230268488251922,Slight or No change
54,EQ,HDFCBANK,2017-07-31,1778.5,1777.55,1791.0,1766.55,       1782.00,1784.4,1778.4,1842285,3276319757.45,29449,1101211,59.77,7,2017,3287373354.0,0.0033174023053135215,Slight or No change
55,EQ,HDFCBANK,2017-08-01,1784.4,1781.85,1809.15,1772.2,       1806.00,1797.2,1787.29,2129215,3805526020.35,39634,1331147,62.52,8,2017,3826625198.0,0.007173279533736698,Slight or No change
56,EQ,HDFCBANK,2017-08-02,1797.2,1807.0,1807.0,1782.05,       1789.40,1791.65,1793.32,1849479,3316710577.8,28704,1073262,58.03,8,2017,3313619050.3500004,-0.0030881371021589388,Slight or No change
57,EQ,HDFCBANK,2017-08-03,1791.65,1788.0,1792.0,1774.4,       1777.00,1779.95,1784.16,1064196,1898691929.45,40189,532455,50.03,8,2017,1894215670.2,-0.006530293305054058,Slight or No change
58,EQ,HDFCBANK,2017-08-04,1779.95,1777.0,1796.75,1766.15,       1788.00,1790.25,1783.23,886267,1580414900.5,27909,492301,55.55,8,2017,1586639496.75,0.005786679401106776,Slight or No change
59,EQ,HDFCBANK,2017-08-07,1790.25,1786.0,1796.45,1785.0,       1788.95,1788.55,1788.9,479665,858070796.5,23375,258332,53.86,8,2017,857904835.75,-0.0009495880463622486,Slight or No change
60,EQ,HDFCBANK,2017-08-08,1788.55,1792.1,1797.25,1766.1,       1776.20,1777.9,1777.66,1008843,1793381528.15,22100,480607,47.64,8,2017,1793621969.7,-0.005954544183836008,Slight or No change
61,EQ,HDFCBANK,2017-08-09,1777.9,1771.0,1777.05,1758.35,       1764.85,1764.45,1765.73,817514,1443509253.85,28969,367123,44.91,8,2017,1442462577.3,-0.007565104899038166,Slight or No change
62,EQ,HDFCBANK,2017-08-10,1764.45,1760.0,1766.0,1752.85,       1759.90,1760.45,1759.88,1947111,3426688670.75,25032,824172,42.33,8,2017,3427791559.9500003,-0.00226699538099695,Slight or No change
63,EQ,HDFCBANK,2017-08-11,1760.45,1745.0,1758.0,1731.15,       1751.55,1749.05,1745.33,1589959,2775004879.35,44760,933883,58.74,8,2017,2780917788.95,-0.006475617029736758,Slight or No change
64,EQ,HDFCBANK,2017-08-14,1749.05,1753.0,1774.95,1748.0,       1756.00,1757.2,1763.29,894271,1576861460.0,29948,381974,42.71,8,2017,1571413001.2,0.0046596723935852236,Slight or No change
65,EQ,HDFCBANK,2017-08-16,1757.2,1762.35,1789.8,1748.55,       1780.00,1781.25,1771.34,1106708,1960350803.55,33007,548143,49.53,8,2017,1971323625.0,0.013686546778966413,Slight or No change
66,EQ,HDFCBANK,2017-08-17,1781.25,1776.25,1780.95,1753.75,       1768.00,1765.4,1770.23,1363717,2414091935.05,28952,430581,31.57,8,2017,2407505991.8,-0.008898245614035072,Slight or No change
67,EQ,HDFCBANK,2017-08-18,1765.4,1760.0,1761.0,1743.0,       1754.25,1752.15,1750.79,926866,1622750045.0,32410,591150,63.78,8,2017,1624008261.9,-0.007505381216721396,Slight or No change
68,EQ,HDFCBANK,2017-08-21,1752.15,1754.0,1759.0,1738.2,       1742.15,1743.2,1747.56,1002431,1751811096.15,29000,652267,65.07,8,2017,1747437719.2,-0.0051080101589475735,Slight or No change
69,EQ,HDFCBANK,2017-08-22,1743.2,1751.3,1754.0,1736.8,       1748.55,1747.0,1744.99,1652389,2883401579.9,61483,1038533,62.85,8,2017,2886723583.0,0.0021798990362551507,Slight or No change
70,EQ,HDFCBANK,2017-08-23,1747.0,1750.0,1777.95,1750.0,       1769.10,1772.45,1767.91,840131,1485274496.2,28305,449582,53.51,8,2017,1489090190.95,0.014567830566685869,Slight or No change
71,EQ,HDFCBANK,2017-08-24,1772.45,1774.9,1774.95,1759.15,       1767.50,1762.5,1764.17,1969569,3474659289.25,29178,584539,29.68,8,2017,3471365362.5,-0.0056136985528506544,Slight or No change
72,EQ,HDFCBANK,2017-08-28,1762.5,1762.4,1771.15,1758.35,       1759.75,1762.25,1764.02,376946,664940795.75,18676,164586,43.66,8,2017,664273088.5,-0.00014184397163119478,Slight or No change
73,EQ,HDFCBANK,2017-08-29,1762.25,1759.0,1759.0,1738.0,       1748.95,1746.15,1744.1,1229649,2144630136.0,25477,657465,53.47,8,2017,2147151601.3500001,-0.009136047666335578,Slight or No change
74,EQ,HDFCBANK,2017-08-30,1746.15,1751.95,1770.0,1750.05,       1769.65,1768.55,1763.86,673580,1188103641.85,18278,340011,50.48,8,2017,1191259909.0,0.01282822208859491,Slight or No change
75,EQ,HDFCBANK,2017-08-31,1768.55,1772.0,1779.85,1756.4,       1769.00,1776.45,1772.21,1825859,3235800483.15,36463,844787,46.27,8,2017,3243547220.55,0.004466936190664628,Slight or No change
76,EQ,HDFCBANK,2017-09-01,1776.45,1781.0,1781.45,1761.1,       1765.00,1767.6,1771.67,573793,1016570200.0,19096,240856,41.98,9,2017,1014236506.8,-0.004981845816093955,Slight or No change
77,EQ,HDFCBANK,2017-09-04,1767.6,1765.0,1765.0,1746.1,       1750.00,1750.9,1752.37,910631,1595764535.85,31359,527482,57.92,9,2017,1594423817.9,-0.009447838877574055,Slight or No change
78,EQ,HDFCBANK,2017-09-05,1750.9,1757.0,1764.9,1751.0,       1755.00,1755.35,1757.77,920609,1618215150.85,24788,439271,47.72,9,2017,1615991008.1499999,0.0025415500599690333,Slight or No change
79,EQ,HDFCBANK,2017-09-06,1755.35,1743.75,1762.8,1738.0,       1761.55,1759.9,1753.59,1437908,2521503245.4,24340,869626,60.48,9,2017,2530574289.2000003,0.0025920756544279833,Slight or No change
80,EQ,HDFCBANK,2017-09-07,1759.9,1760.1,1776.75,1760.1,       1765.25,1766.55,1766.63,1736605,3067935845.9,27641,605806,34.88,9,2017,3067799562.75,0.0037786237854422478,Slight or No change
81,EQ,HDFCBANK,2017-09-08,1766.55,1773.4,1790.0,1771.0,       1785.00,1787.65,1781.89,2077916,3702622520.6,33955,1234323,59.4,9,2017,3714586537.4,0.011944184993348594,Slight or No change
82,EQ,HDFCBANK,2017-09-11,1787.65,1793.0,1829.0,1790.2,       1822.00,1823.35,1816.72,2869419,5212939744.6,88980,1733975,60.43,9,2017,5231955133.65,0.01997035213828191,Slight or No change
83,EQ,HDFCBANK,2017-09-12,1823.35,1827.7,1839.9,1818.3,       1837.10,1835.2,1833.12,1671920,3064825860.1,67989,919925,55.02,9,2017,3068307584.0,0.006499026517125195,Slight or No change
84,EQ,HDFCBANK,2017-09-13,1835.2,1835.0,1849.0,1824.0,       1843.25,1841.85,1841.58,1248844,2299847291.95,30091,657075,52.61,9,2017,2300183321.4,0.003623583260679908,Slight or No change
85,EQ,HDFCBANK,2017-09-14,1841.85,1840.15,1852.5,1831.5,       1840.00,1839.4,1839.93,2038504,3750701010.7,29517,557209,27.33,9,2017,3749624257.6000004,-0.0013301843255421053,Slight or No change
86,EQ,HDFCBANK,2017-09-15,1839.4,1836.0,1851.8,1833.45,       1850.00,1848.95,1845.98,941833,1738607041.2,24200,487645,51.78,9,2017,1741402125.3500001,0.005191910405567102,Slight or No change
87,EQ,HDFCBANK,2017-09-18,1848.95,1853.55,1864.45,1852.5,       1860.00,1860.45,1861.58,1021232,1901109128.2,29374,754277,73.86,9,2017,1899951074.4,0.0062197463425186506,Slight or No change
88,EQ,HDFCBANK,2017-09-19,1860.45,1864.9,1868.0,1847.55,       1847.55,1849.7,1858.58,1060367,1970780896.0,23565,684467,64.55,9,2017,1961360839.9,-0.0057781719476470705,Slight or No change
89,EQ,HDFCBANK,2017-09-20,1849.7,1848.0,1861.45,1845.25,       1850.00,1848.85,1850.15,861532,1593967559.2,26905,579361,67.25,9,2017,1592843438.1999998,-0.0004595339784830843,Slight or No change
90,EQ,HDFCBANK,2017-09-21,1848.85,1848.0,1848.5,1830.7,       1843.00,1839.1,1839.29,1928124,3546374079.25,50920,1006098,52.18,9,2017,3546012848.3999996,-0.005273548421992014,Slight or No change
91,EQ,HDFCBANK,2017-09-22,1839.1,1834.8,1838.95,1820.0,       1823.00,1824.1,1826.77,2060881,3764746963.9,52897,1491250,72.36,9,2017,3759253032.1,-0.008156163340764522,Slight or No change
92,EQ,HDFCBANK,2017-09-25,1824.1,1822.45,1822.45,1792.6,       1798.80,1799.75,1802.36,2537307,4573149061.6,86102,1735249,68.39,9,2017,4566518273.25,-0.013349048846006184,Slight or No change
93,EQ,HDFCBANK,2017-09-26,1799.75,1789.05,1796.6,1785.0,       1791.00,1792.3,1790.07,2859683,5119024677.3,69670,2089818,73.08,9,2017,5125409840.9,-0.0041394638144186535,Slight or No change
94,EQ,HDFCBANK,2017-09-27,1792.3,1796.0,1805.6,1770.0,       1780.55,1776.5,1779.35,1834305,3263870334.3,50529,1187303,64.73,9,2017,3258642832.5,-0.00881548847849134,Slight or No change
95,EQ,HDFCBANK,2017-09-28,1776.5,1774.0,1799.0,1763.3,       1795.00,1795.3,1789.02,6911616,12365024438.9,97472,3794792,54.9,9,2017,12408424204.8,0.010582606248240811,Slight or No change
96,EQ,HDFCBANK,2017-09-29,1795.3,1800.1,1822.0,1796.25,       1800.05,1805.7,1812.45,1553408,2815470649.5,58153,1016550,65.44,9,2017,2804988825.6,0.005792903692976248,Slight or No change
97,EQ,HDFCBANK,2017-10-03,1805.7,1808.0,1821.0,1797.1,       1810.20,1808.85,1811.27,1098606,1989876645.7,34504,589947,53.7,10,2017,1987213463.1,0.001744475826549241,Slight or No change
98,EQ,HDFCBANK,2017-10-04,1808.85,1807.9,1811.9,1793.35,       1794.00,1797.0,1804.18,1656276,2988217758.3,25580,1215255,73.37,10,2017,2976327972.0,-0.006551123642092982,Slight or No change
99,EQ,HDFCBANK,2017-10-05,1797.0,1795.0,1805.0,1793.1,       1798.80,1798.6,1800.4,834049,1501622831.9,38155,427038,51.2,10,2017,1500120531.3999999,0.000890372843628251,Slight or No change
100,EQ,HDFCBANK,2017-10-06,1798.6,1798.0,1804.45,1794.0,       1799.95,1800.1,1799.53,757665,1363439873.3,24959,376128,49.64,10,2017,1363872766.5,0.0008339819859890518,Slight or No change
101,EQ,HDFCBANK,2017-10-09,1800.1,1798.8,1803.0,1790.5,       1795.15,1795.5,1797.35,765623,1376094774.5,27930,520471,67.98,10,2017,1374676096.5,-0.002555413588133937,Slight or No change
102,EQ,HDFCBANK,2017-10-10,1795.5,1799.0,1814.95,1792.65,       1800.00,1802.7,1806.18,949545,1715046387.4,30047,516925,54.44,10,2017,1711744771.5,0.004010025062656686,Slight or No change
103,EQ,HDFCBANK,2017-10-11,1802.7,1803.25,1815.25,1787.6,       1789.00,1790.15,1802.03,1316860,2373017278.75,36368,902433,68.53,10,2017,2357376929.0,-0.006961779552892899,Slight or No change
104,EQ,HDFCBANK,2017-10-12,1790.15,1795.1,1821.45,1788.0,       1820.00,1818.8,1805.42,1345390,2428990122.5,20722,650121,48.32,10,2017,2446995332.0,0.016004245454291466,Slight or No change
105,EQ,HDFCBANK,2017-10-13,1818.8,1826.7,1856.55,1822.0,       1848.90,1850.8,1845.91,1608366,2968902053.05,38331,921394,57.29,10,2017,2976763792.7999997,0.017594018033868508,Slight or No change
106,EQ,HDFCBANK,2017-10-16,1850.8,1860.0,1873.25,1842.0,       1854.15,1857.15,1857.21,818636,1520380114.65,17387,282082,34.46,10,2017,1520329847.4,0.003430948778906595,Slight or No change
107,EQ,HDFCBANK,2017-10-17,1857.15,1850.0,1853.7,1839.1,       1848.95,1851.25,1848.53,653322,1207682521.05,21579,286796,43.9,10,2017,1209462352.5,-0.0031769108580351757,Slight or No change
108,EQ,HDFCBANK,2017-10-18,1851.25,1841.0,1875.0,1839.0,       1866.25,1868.5,1864.24,981680,1830089740.8,21247,454935,46.34,10,2017,1834269080.0,0.00931802835921669,Slight or No change
109,EQ,HDFCBANK,2017-10-19,1868.5,1861.8,1865.0,1840.65,       1845.00,1848.4,1853.98,142502,264195241.2,5682,69002,48.42,10,2017,263400696.8,-0.010757291945410752,Slight or No change
110,EQ,HDFCBANK,2017-10-23,1848.4,1859.9,1869.7,1836.05,       1865.85,1863.3,1850.99,1040723,1926372969.3,30073,581885,55.91,10,2017,1939179165.8999999,0.008061025752001738,Slight or No change
111,EQ,HDFCBANK,2017-10-24,1863.3,1863.0,1879.6,1853.0,       1866.55,1867.1,1866.12,2832218,5285245263.55,66436,848580,29.96,10,2017,5288034227.8,0.0020393924757151627,Slight or No change
112,EQ,HDFCBANK,2017-10-25,1867.1,1860.0,1863.0,1785.0,       1795.15,1795.1,1800.74,5341802,9619220470.25,173315,3343490,62.59,10,2017,9589068770.199999,-0.03856247656793954,Slight or No change
113,EQ,HDFCBANK,2017-10-26,1795.1,1768.0,1810.0,1757.85,       1791.70,1795.35,1789.19,7142866,12779964395.95,184420,4974132,69.64,10,2017,12823944473.099998,0.00013926800735331035,Slight or No change
114,EQ,HDFCBANK,2017-10-27,1795.35,1804.4,1807.5,1779.0,       1787.90,1791.05,1792.86,1868022,3349109113.65,49615,1118984,59.9,10,2017,3345720803.1,-0.0023950761689920386,Slight or No change
115,EQ,HDFCBANK,2017-10-30,1791.05,1798.25,1816.0,1792.4,       1815.75,1815.0,1805.49,1355588,2447503452.15,27755,880144,64.93,10,2017,2460392220.0,0.013372044331537492,Slight or No change
116,EQ,HDFCBANK,2017-10-31,1815.0,1811.5,1811.5,1799.25,       1809.45,1808.5,1805.2,1170615,2113192779.85,55768,722914,61.76,10,2017,2117057227.5,-0.003581267217630857,Slight or No change
117,EQ,HDFCBANK,2017-11-01,1808.5,1815.1,1825.0,1812.0,       1822.50,1821.2,1819.3,1047653,1905990950.35,26503,573002,54.69,11,2017,1907985643.6000001,0.007022394249377895,Slight or No change
118,EQ,HDFCBANK,2017-11-02,1821.2,1823.0,1829.8,1816.95,       1820.00,1822.1,1822.05,1184486,2158197543.05,30785,739301,62.42,11,2017,2158251940.6,0.0004941796617614624,Slight or No change
119,EQ,HDFCBANK,2017-11-03,1822.1,1825.7,1840.0,1821.6,       1830.00,1830.7,1829.95,952622,1743253303.15,50442,561501,58.94,11,2017,1743965095.4,0.004719828769002898,Slight or No change
120,EQ,HDFCBANK,2017-11-06,1830.7,1825.0,1840.0,1822.6,       1828.00,1828.6,1833.27,1537061,2817847902.95,51333,821944,53.48,11,2017,2810669744.6,-0.0011471022013438414,Slight or No change
121,EQ,HDFCBANK,2017-11-07,1828.6,1838.0,1844.95,1820.75,       1825.00,1823.7,1828.67,1861594,3404233842.3,41972,1396048,74.99,11,2017,3394988977.8,-0.0026796456305369087,Slight or No change
122,EQ,HDFCBANK,2017-11-08,1823.7,1825.2,1833.6,1819.0,       1822.60,1825.95,1826.22,820786,1498935108.3,20749,498960,60.79,11,2017,1498714196.7,0.0012337555518999732,Slight or No change
123,EQ,HDFCBANK,2017-11-09,1825.95,1827.0,1835.0,1821.1,       1834.00,1827.85,1826.26,778327,1421424359.7,12695,381328,48.99,11,2017,1422665006.95,0.0010405542320435224,Slight or No change
124,EQ,HDFCBANK,2017-11-10,1827.85,1821.7,1834.8,1812.35,       1823.95,1822.0,1821.63,1936090,3526848073.95,22186,1525422,78.79,11,2017,3527555980.0,-0.0032004814399430037,Slight or No change
125,EQ,HDFCBANK,2017-11-13,1822.0,1822.0,1823.15,1795.0,       1814.25,1813.55,1806.89,833968,1506888248.8,25953,529394,63.48,11,2017,1512442666.3999999,-0.004637760702524751,Slight or No change
126,EQ,HDFCBANK,2017-11-14,1813.55,1815.9,1819.0,1800.0,       1801.35,1802.35,1805.86,1178117,2127513692.85,33880,898608,76.27,11,2017,2123379174.9499998,-0.006175732678999735,Slight or No change
127,EQ,HDFCBANK,2017-11-15,1802.35,1798.0,1803.65,1788.0,       1799.25,1800.25,1796.37,1537092,2761182588.85,26862,1177181,76.58,11,2017,2767149873.0,-0.001165145504480214,Slight or No change
128,EQ,HDFCBANK,2017-11-16,1800.25,1804.0,1816.0,1795.2,       1812.95,1807.7,1807.23,1003243,1813088828.0,32161,631891,62.98,11,2017,1813562371.1000001,0.004138314123038445,Slight or No change
129,EQ,HDFCBANK,2017-11-17,1807.7,1828.7,1838.3,1813.15,       1822.00,1825.55,1827.72,1589693,2905508996.75,44931,797013,50.14,11,2017,2902064056.15,0.00987442606627198,Slight or No change
130,EQ,HDFCBANK,2017-11-20,1825.55,1829.0,1839.7,1829.0,       1836.05,1838.15,1836.08,598106,1098170760.45,30131,336543,56.27,11,2017,1099408543.9,0.006902029525348574,Slight or No change
131,EQ,HDFCBANK,2017-11-21,1838.15,1837.45,1850.0,1836.1,       1848.00,1846.25,1845.41,568883,1049822787.25,17143,349608,61.46,11,2017,1050300238.75,0.00440660446644725,Slight or No change
132,EQ,HDFCBANK,2017-11-22,1846.25,1849.7,1860.0,1844.55,       1854.60,1855.25,1853.89,1415199,2623628896.95,31420,944319,66.73,11,2017,2625547944.75,0.004874746106973582,Slight or No change
133,EQ,HDFCBANK,2017-11-23,1855.25,1859.0,1860.0,1838.0,       1840.00,1842.85,1847.79,808145,1493278728.15,16903,492990,61.0,11,2017,1489290013.25,-0.006683735345640818,Slight or No change
134,EQ,HDFCBANK,2017-11-24,1842.85,1843.0,1857.8,1841.0,       1857.50,1851.4,1848.31,1300921,2404501397.4,26271,979768,75.31,11,2017,2408525139.4,0.004639552866483987,Slight or No change
135,EQ,HDFCBANK,2017-11-27,1851.4,1849.0,1862.0,1845.6,       1860.15,1857.55,1852.09,967618,1792111671.55,75853,622801,64.36,11,2017,1797398815.8999999,0.0033218105217671656,Slight or No change
136,EQ,HDFCBANK,2017-11-28,1857.55,1856.0,1871.0,1855.85,       1867.15,1865.35,1866.29,1272635,2375105182.85,44306,921267,72.39,11,2017,2373909697.25,0.004199079432585906,Slight or No change
137,EQ,HDFCBANK,2017-11-29,1865.35,1865.0,1875.5,1855.8,       1873.00,1873.3,1869.11,818646,1530142584.45,17331,476557,58.21,11,2017,1533569551.8,0.004261934757552321,Slight or No change
138,EQ,HDFCBANK,2017-11-30,1873.3,1868.7,1873.95,1840.0,       1852.75,1853.7,1859.89,1449078,2695122047.35,37220,770804,53.19,11,2017,2686155888.6,-0.010462819623124897,Slight or No change
139,EQ,HDFCBANK,2017-12-01,1853.7,1854.9,1860.0,1844.1,       1850.85,1848.2,1850.81,964537,1785177398.1,39290,598556,62.06,12,2017,1782657283.4,-0.002967038895182572,Slight or No change
140,EQ,HDFCBANK,2017-12-04,1848.2,1854.9,1854.9,1830.1,       1836.30,1834.1,1840.43,910483,1675680713.0,36729,629502,69.14,12,2017,1669916870.3,-0.007629044475706115,Slight or No change
141,EQ,HDFCBANK,2017-12-05,1834.1,1826.0,1828.55,1807.0,       1824.90,1820.45,1818.21,973340,1769739387.85,30980,546351,56.13,12,2017,1771916803.0,-0.007442342293222715,Slight or No change
142,EQ,HDFCBANK,2017-12-06,1820.45,1819.95,1821.35,1799.0,       1799.30,1803.3,1809.42,1598780,2892866502.15,47014,1164494,72.84,12,2017,2883079974.0,-0.009420747617347458,Slight or No change
143,EQ,HDFCBANK,2017-12-07,1803.3,1806.65,1816.6,1803.1,       1810.90,1809.65,1809.12,1057826,1913737162.85,49113,626080,59.19,12,2017,1914294820.9,0.0035213220207397367,Slight or No change
144,EQ,HDFCBANK,2017-12-08,1809.65,1814.0,1853.0,1814.0,       1842.25,1840.4,1839.43,2239100,4118673540.75,38922,1482220,66.2,12,2017,4120839640.0,0.016992236067747912,Slight or No change
145,EQ,HDFCBANK,2017-12-11,1840.4,1848.0,1851.75,1840.0,       1846.40,1846.4,1846.99,799558,1476774981.65,45584,490124,61.3,12,2017,1476303891.2,0.0032601608346012334,Slight or No change
146,EQ,HDFCBANK,2017-12-12,1846.4,1849.1,1849.9,1815.95,       1818.00,1819.9,1826.78,602647,1100901256.8,17546,315406,52.34,12,2017,1096757275.3,-0.014352253032928974,Slight or No change
147,EQ,HDFCBANK,2017-12-13,1819.9,1820.05,1845.0,1815.1,       1821.40,1821.35,1832.2,726865,1331763552.75,27628,270762,37.25,12,2017,1323875567.75,0.0007967470740148919,Slight or No change
148,EQ,HDFCBANK,2017-12-14,1821.35,1824.0,1840.0,1812.0,       1837.10,1838.05,1826.18,920773,1681496960.9,21825,441606,47.96,12,2017,1692426812.6499999,0.009169022977461694,Slight or No change
149,EQ,HDFCBANK,2017-12-15,1838.05,1856.0,1888.0,1855.5,       1871.00,1873.45,1877.73,3112531,5844489331.25,68576,1845713,59.3,12,2017,5831171201.95,0.019259541361769328,Slight or No change
150,EQ,HDFCBANK,2017-12-18,1873.45,1855.0,1899.0,1809.3,       1878.40,1878.95,1876.25,3074497,5768529010.9,46417,1558319,50.69,12,2017,5776826138.150001,0.0029357602284554307,Slight or No change
151,EQ,HDFCBANK,2017-12-19,1878.95,1879.8,1893.65,1876.15,       1886.95,1884.5,1884.02,1238028,2332475336.0,34874,666370,53.83,12,2017,2333063766.0,0.0029537773756618257,Slight or No change
152,EQ,HDFCBANK,2017-12-20,1884.5,1898.9,1903.1,1863.65,       1866.35,1868.15,1885.29,2335876,4403801177.45,83598,1303739,55.81,12,2017,4363766749.400001,-0.008676041390289102,Slight or No change
153,EQ,HDFCBANK,2017-12-21,1868.15,1879.9,1885.0,1865.2,       1866.05,1868.3,1871.04,1713636,3206288352.65,57272,1059344,61.82,12,2017,3201586138.7999997,8.029333832926255e-05,Slight or No change
154,EQ,HDFCBANK,2017-12-22,1868.3,1879.0,1880.0,1861.75,       1874.65,1876.65,1870.36,1117726,2090553505.8,46791,609701,54.55,12,2017,2097580497.9,0.004469303645024958,Slight or No change
155,EQ,HDFCBANK,2017-12-26,1876.65,1881.0,1882.8,1856.7,       1870.00,1868.35,1867.6,1696424,3168235275.05,23017,1186061,69.92,12,2017,3169513780.3999996,-0.004422774624996739,Slight or No change
156,EQ,HDFCBANK,2017-12-27,1868.35,1870.1,1870.3,1851.15,       1852.50,1856.75,1863.9,872346,1625967980.3,21881,569939,65.33,12,2017,1619728435.5,-0.006208686809216601,Slight or No change
157,EQ,HDFCBANK,2017-12-28,1856.75,1858.9,1880.9,1858.0,       1870.05,1878.05,1873.07,2175130,4074175062.75,42854,1373463,63.14,12,2017,4085002896.5,0.011471657466002316,Slight or No change
158,EQ,HDFCBANK,2017-12-29,1878.05,1876.8,1879.2,1868.15,       1871.40,1872.4,1873.42,1586468,2972120303.05,29466,1059416,66.78,12,2017,2970502683.2000003,-0.003008439604909263,Slight or No change
159,EQ,HDFCBANK,2018-01-01,1872.4,1872.7,1880.75,1850.5,       1855.00,1854.5,1862.24,1645129,3063622972.65,30994,1222191,74.29,1,2018,3050891730.5,-0.009559923093356182,Slight or No change
160,EQ,HDFCBANK,2018-01-02,1854.5,1858.55,1875.0,1858.55,       1869.80,1872.35,1868.27,1194079,2230859132.95,33877,737318,61.75,1,2018,2235733815.65,0.00962523591264497,Slight or No change
161,EQ,HDFCBANK,2018-01-03,1872.35,1875.0,1878.25,1851.2,       1853.85,1852.65,1859.01,1132822,2105921940.5,39569,765751,67.6,1,2018,2098722678.3000002,-0.01052153710577608,Slight or No change
162,EQ,HDFCBANK,2018-01-04,1852.65,1853.0,1865.5,1853.0,       1859.25,1859.9,1860.54,593444,1104125326.3,11185,300493,50.64,1,2018,1103746495.6000001,0.0039133133619408955,Slight or No change
163,EQ,HDFCBANK,2018-01-05,1859.9,1863.0,1868.05,1855.55,       1863.05,1863.6,1862.6,717717,1336816277.05,20342,394247,54.93,1,2018,1337537401.2,0.0019893542663582675,Slight or No change
164,EQ,HDFCBANK,2018-01-08,1863.6,1865.0,1870.7,1857.75,       1864.00,1860.6,1861.87,1142577,2127331034.75,17668,792771,69.38,1,2018,2125878766.1999998,-0.0016097875080489654,Slight or No change
165,EQ,HDFCBANK,2018-01-09,1860.6,1862.0,1869.85,1855.0,       1862.70,1863.7,1861.62,1326382,2469224839.75,49929,959503,72.34,1,2018,2471978133.4,0.0016661292056325827,Slight or No change
166,EQ,HDFCBANK,2018-01-10,1863.7,1865.2,1867.9,1857.3,       1860.45,1864.2,1863.6,1153972,2150540894.55,18186,880760,76.32,1,2018,2151234602.4,0.0002682835220260138,Slight or No change
167,EQ,HDFCBANK,2018-01-11,1864.2,1864.2,1876.0,1856.25,       1873.95,1872.55,1868.69,1014774,1896296273.9,26221,622410,61.33,1,2018,1900215053.7,0.00447913314022097,Slight or No change
168,EQ,HDFCBANK,2018-01-12,1872.55,1873.0,1878.15,1860.0,       1865.00,1865.3,1868.58,1084177,2025876708.1,29065,566529,52.25,1,2018,2022315358.1,-0.0038717257216095424,Slight or No change
169,EQ,HDFCBANK,2018-01-15,1865.3,1869.95,1904.4,1859.85,       1893.05,1897.75,1891.97,3144111,5948565811.3,68116,1638414,52.11,1,2018,5966736650.25,0.01739666541575091,Slight or No change
170,EQ,HDFCBANK,2018-01-16,1897.75,1903.45,1910.0,1885.25,       1900.10,1900.15,1899.62,1611346,3060951108.75,60260,827555,51.36,1,2018,3061799101.9,0.0012646555131077264,Slight or No change
171,EQ,HDFCBANK,2018-01-17,1900.15,1897.0,1902.55,1887.0,       1891.60,1890.5,1893.05,726374,1375065564.25,25142,346150,47.65,1,2018,1373210047.0,-0.00507854643054495,Slight or No change
172,EQ,HDFCBANK,2018-01-18,1890.5,1924.0,1954.0,1918.05,       1933.05,1934.3,1939.75,4162385,8073993015.75,79152,1499386,36.02,1,2018,8051301305.5,0.023168473948690815,Slight or No change
173,EQ,HDFCBANK,2018-01-19,1934.3,1935.15,1959.9,1919.25,       1949.35,1952.2,1947.44,2863997,5577473372.55,62844,861137,30.07,1,2018,5591094943.400001,0.009253993692808882,Slight or No change
174,EQ,HDFCBANK,2018-01-22,1952.2,1960.0,1988.0,1953.15,       1962.50,1963.35,1969.82,2212442,4358108235.7,87200,961425,43.46,1,2018,4343798000.7,0.005711504968753056,Slight or No change
175,EQ,HDFCBANK,2018-01-23,1963.35,1965.0,1966.7,1943.3,       1951.50,1951.3,1953.81,1261949,2465611788.75,41602,726995,57.61,1,2018,2462441083.7,-0.006137469121654249,Slight or No change
176,EQ,HDFCBANK,2018-01-24,1951.3,1952.55,1969.0,1950.6,       1957.60,1957.65,1958.02,1197642,2345001018.5,20553,698354,58.31,1,2018,2344563861.3,0.0032542407625686387,Slight or No change
177,EQ,HDFCBANK,2018-01-25,1957.65,1953.9,1980.0,1950.5,       1969.00,1974.95,1968.83,2180917,4293844957.45,33097,1165553,53.44,1,2018,4307202029.150001,0.008837126146144625,Slight or No change
178,EQ,HDFCBANK,2018-01-29,1974.95,1978.0,2006.95,1978.0,       2000.60,1999.65,1995.69,2058973,4109064049.9,48366,1249653,60.69,1,2018,4117225359.4500003,0.012506645737866862,Slight or No change
179,EQ,HDFCBANK,2018-01-30,1999.65,1997.8,2001.9,1984.15,       1995.55,1995.5,1994.03,1599390,3189237269.9,37667,1057272,66.1,1,2018,3191582745.0,-0.002075363188558055,Slight or No change
180,EQ,HDFCBANK,2018-01-31,1995.5,1989.4,2013.5,1987.0,       2004.60,2005.7,2003.12,1735837,3477096561.15,45781,1045031,60.2,1,2018,3481568270.9,0.005111500876973318,Slight or No change
181,EQ,HDFCBANK,2018-02-01,2005.7,2006.0,2015.0,1985.3,       1986.50,1991.15,2001.09,1630355,3262488565.95,34891,701699,43.04,2,2018,3246281358.25,-0.007254325173256193,Slight or No change
182,EQ,HDFCBANK,2018-02-02,1991.15,1986.0,1989.9,1941.5,       1941.50,1948.0,1963.93,1836531,3606812369.0,60365,1231464,67.05,2,2018,3577562388.0,-0.021670893704643035,Slight or No change
183,EQ,HDFCBANK,2018-02-05,1948.0,1918.0,1935.25,1905.85,       1918.00,1913.85,1916.75,1981696,3798409854.65,49748,1385911,69.94,2,2018,3792668889.6,-0.017530800821355275,Slight or No change
184,EQ,HDFCBANK,2018-02-06,1913.85,1860.0,1912.0,1836.3,       1898.80,1896.8,1868.86,2687451,5022468828.2,74329,1279189,47.6,2,2018,5097557056.8,-0.008908744154453085,Slight or No change
185,EQ,HDFCBANK,2018-02-07,1896.8,1907.0,1907.0,1862.4,       1868.50,1872.8,1875.43,2091243,3921971760.25,57480,993289,47.5,2,2018,3916479890.4,-0.012652889076339102,Slight or No change
186,EQ,HDFCBANK,2018-02-08,1872.8,1884.0,1898.6,1866.5,       1882.00,1880.95,1887.25,1292861,2439953543.35,53803,559966,43.31,2,2018,2431806897.9500003,0.0043517727466895195,Slight or No change
187,EQ,HDFCBANK,2018-02-09,1880.95,1847.9,1864.7,1844.1,       1852.00,1849.5,1853.01,1602238,2968965973.2,52830,837518,52.27,2,2018,2963339181.0,-0.016720274329461216,Slight or No change
188,EQ,HDFCBANK,2018-02-12,1849.5,1860.0,1886.0,1855.15,       1880.00,1876.65,1872.43,1095277,2050832316.7,22502,700531,63.96,2,2018,2055451582.0500002,0.014679643146796373,Slight or No change
189,EQ,HDFCBANK,2018-02-14,1876.65,1889.8,1897.9,1874.65,       1879.85,1883.15,1889.56,894297,1689825412.3,31815,517624,57.88,2,2018,1684095395.5500002,0.0034636186822263326,Slight or No change
190,EQ,HDFCBANK,2018-02-15,1883.15,1889.7,1894.75,1875.0,       1881.25,1881.9,1882.55,1228806,2313293856.75,32753,742302,60.41,2,2018,2312490011.4,-0.0006637814300507472,Slight or No change
191,EQ,HDFCBANK,2018-02-16,1881.9,1883.9,1894.85,1875.65,       1880.40,1878.6,1883.79,895880,1687649892.1,22732,355509,39.68,2,2018,1683000168.0,-0.0017535469472342857,Slight or No change
192,EQ,HDFCBANK,2018-02-19,1878.6,1882.6,1887.6,1859.05,       1880.00,1878.2,1876.45,913638,1714398525.1,25194,457562,50.08,2,2018,1715994891.6000001,-0.00021292451825816183,Slight or No change
193,EQ,HDFCBANK,2018-02-20,1878.2,1884.75,1885.85,1858.8,       1860.15,1863.2,1875.4,1021017,1914810586.35,31634,582362,57.04,2,2018,1902358874.4,-0.00798636992865509,Slight or No change
194,EQ,HDFCBANK,2018-02-21,1863.2,1867.95,1868.55,1852.2,       1859.20,1857.4,1858.84,688268,1279377292.3,32317,352348,51.19,2,2018,1278388983.2,-0.0031129240017174764,Slight or No change
195,EQ,HDFCBANK,2018-02-22,1857.4,1850.0,1860.0,1841.55,       1850.15,1853.2,1851.2,3313399,6133748038.6,41538,1640988,49.53,2,2018,6140391026.8,-0.002261225368795139,Slight or No change
196,EQ,HDFCBANK,2018-02-23,1853.2,1856.9,1884.85,1850.4,       1877.00,1880.55,1869.03,1019187,1904887235.65,18810,553315,54.29,2,2018,1916632112.85,0.014758255989639535,Slight or No change
197,EQ,HDFCBANK,2018-02-26,1880.55,1888.1,1914.8,1883.55,       1912.50,1911.55,1904.1,1197221,2279631074.55,30059,692072,57.81,2,2018,2288547802.5499997,0.0164845390976045,Slight or No change
198,EQ,HDFCBANK,2018-02-27,1911.55,1914.75,1921.75,1900.0,       1900.50,1902.55,1908.74,1196832,2284446196.6,26645,764702,63.89,2,2018,2277032721.6,-0.00470822107713631,Slight or No change
199,EQ,HDFCBANK,2018-02-28,1902.55,1889.55,1895.45,1878.0,       1888.00,1884.2,1883.79,1016591,1915043360.4,29207,533917,52.52,2,2018,1915460762.2,-0.009644950198417823,Slight or No change
200,EQ,HDFCBANK,2018-03-01,1884.2,1879.3,1893.3,1868.0,       1868.05,1874.35,1884.58,977460,1842102392.05,24955,492115,50.35,3,2018,1832102151.0,-0.005227682836216996,Slight or No change
201,EQ,HDFCBANK,2018-03-05,1874.35,1874.15,1878.0,1858.25,       1866.00,1869.95,1867.66,945366,1765625423.4,60906,482154,51.0,3,2018,1767787151.7,-0.002347480459892637,Slight or No change
202,EQ,HDFCBANK,2018-03-06,1869.95,1870.0,1879.9,1839.5,       1840.00,1846.25,1864.57,1144207,2133448786.3,32346,587401,51.34,3,2018,2112492173.75,-0.01267413567207687,Slight or No change
203,EQ,HDFCBANK,2018-03-07,1846.25,1840.0,1853.4,1828.5,       1831.10,1832.6,1839.17,1407041,2587784690.15,41147,786990,55.93,3,2018,2578543336.6,-0.007393364928909962,Slight or No change
204,EQ,HDFCBANK,2018-03-08,1832.6,1839.8,1858.5,1832.0,       1850.00,1852.85,1844.42,1379681,2544714180.1,26260,841822,61.02,3,2018,2556341940.85,0.011049874495252743,Slight or No change
205,EQ,HDFCBANK,2018-03-09,1852.85,1854.95,1865.25,1844.0,       1846.15,1851.05,1856.06,1027027,1906219129.55,29867,583405,56.81,3,2018,1901078328.35,-0.0009714763742342258,Slight or No change
206,EQ,HDFCBANK,2018-03-12,1851.05,1860.2,1869.45,1853.4,       1866.30,1867.25,1863.99,1639279,3055594028.9,34880,1156796,70.57,3,2018,3060943712.75,0.008751789524864328,Slight or No change
207,EQ,HDFCBANK,2018-03-13,1867.25,1867.45,1884.75,1855.0,       1859.45,1860.25,1870.24,1281050,2395869816.4,32044,696918,54.4,3,2018,2383073262.5,-0.0037488284910964786,Slight or No change
208,EQ,HDFCBANK,2018-03-14,1860.25,1856.0,1867.9,1848.0,       1864.00,1864.5,1857.75,920098,1709311423.0,36271,509645,55.39,3,2018,1715522721.0,0.0022846391614030903,Slight or No change
209,EQ,HDFCBANK,2018-03-15,1864.5,1865.2,1887.5,1865.2,       1873.50,1880.8,1879.2,1467731,2758155776.8,44905,802388,54.67,3,2018,2760508464.7999997,0.008742290158219257,Slight or No change
210,EQ,HDFCBANK,2018-03-16,1880.8,1880.0,1881.1,1846.55,       1858.00,1853.0,1861.09,1974084,3673949096.8,35446,1068955,54.15,3,2018,3657977652.0,-0.014780944279030206,Slight or No change
211,EQ,HDFCBANK,2018-03-19,1853.0,1853.0,1860.0,1843.15,       1847.00,1847.25,1851.78,1959685,3628898883.95,60212,1210689,61.78,3,2018,3620028116.25,-0.0031030760928224543,Slight or No change
212,EQ,HDFCBANK,2018-03-20,1847.25,1845.1,1855.9,1835.25,       1842.90,1839.5,1845.17,914343,1687115132.5,23270,453848,49.64,3,2018,1681933948.5,-0.004195425632697258,Slight or No change
213,EQ,HDFCBANK,2018-03-21,1839.5,1848.0,1863.2,1843.3,       1858.95,1858.9,1853.89,1480285,2744280455.5,44655,947180,63.99,3,2018,2751701786.5,0.010546344115248685,Slight or No change
214,EQ,HDFCBANK,2018-03-22,1858.9,1858.9,1880.0,1855.1,       1863.00,1867.75,1872.05,1668306,3123149751.5,37562,856679,51.35,3,2018,3115978531.5,0.004760880090376007,Slight or No change
215,EQ,HDFCBANK,2018-03-23,1867.75,1846.65,1853.1,1837.25,       1842.25,1841.55,1844.22,1797538,3315060067.5,34048,886132,49.3,3,2018,3310256103.9,-0.014027573283362349,Slight or No change
216,EQ,HDFCBANK,2018-03-26,1841.55,1839.9,1900.0,1833.5,       1896.20,1893.45,1868.66,2625442,4906054711.2,86610,1573073,59.92,3,2018,4971143154.900001,0.028182780809644203,Slight or No change
217,EQ,HDFCBANK,2018-03-27,1893.45,1893.8,1899.0,1876.0,       1894.05,1892.6,1888.52,1534209,2897382139.25,31150,797281,51.97,3,2018,2903643953.4,-0.0004489159998944947,Slight or No change
218,EQ,HDFCBANK,2018-03-28,1892.6,1882.95,1899.7,1876.05,       1890.00,1886.1,1886.44,2209377,4167862538.7,50573,1205141,54.55,3,2018,4167105959.7,-0.0034344288280672153,Slight or No change
219,EQ,HDFCBANK,2018-04-02,1886.1,1890.5,1935.75,1890.5,       1931.90,1931.2,1917.34,1149092,2203201439.6,37803,656967,57.17,4,2018,2219126470.4,0.023911775621653142,Slight or No change
220,EQ,HDFCBANK,2018-04-03,1931.2,1923.95,1925.7,1911.0,       1913.00,1915.9,1917.02,1019971,1955306114.65,48938,592029,58.04,4,2018,1954162438.9,-0.007922535211267623,Slight or No change
221,EQ,HDFCBANK,2018-04-04,1915.9,1912.95,1924.95,1878.45,       1883.10,1883.25,1903.29,928527,1767257058.2,34499,456685,49.18,4,2018,1748648472.75,-0.0170415992483951,Slight or No change
222,EQ,HDFCBANK,2018-04-05,1883.25,1901.3,1914.0,1890.2,       1913.10,1908.9,1900.56,1214723,2308652574.5,61633,605874,49.88,4,2018,2318784734.7000003,0.013620071684587787,Slight or No change
223,EQ,HDFCBANK,2018-04-06,1908.9,1912.2,1926.45,1905.8,       1920.10,1923.4,1917.27,930002,1783068526.1,24914,466973,50.21,4,2018,1788765846.8000002,0.007595997695007517,Slight or No change
224,EQ,HDFCBANK,2018-04-09,1923.4,1918.8,1942.0,1916.4,       1937.00,1939.05,1936.3,1000884,1938008165.25,32002,541199,54.07,4,2018,1940764120.2,0.008136633045648267,Slight or No change
225,EQ,HDFCBANK,2018-04-10,1939.05,1943.0,1943.0,1913.5,       1921.20,1920.85,1920.94,1516809,2913693991.15,55147,947252,62.45,4,2018,2913562567.65,-0.009386039555452474,Slight or No change
226,EQ,HDFCBANK,2018-04-11,1920.85,1915.9,1920.0,1905.4,       1918.00,1918.85,1913.82,717703,1373553935.9,64684,382502,53.3,4,2018,1377164401.55,-0.001041205716219351,Slight or No change
227,EQ,HDFCBANK,2018-04-12,1918.85,1916.0,1932.9,1905.9,       1925.00,1928.8,1920.27,1178129,2262325817.35,26955,476496,40.45,4,2018,2272375215.2,0.005185397503713274,Slight or No change
228,EQ,HDFCBANK,2018-04-13,1928.8,1928.0,1940.0,1919.1,       1930.00,1925.0,1928.02,824293,1589255010.75,26003,394398,47.85,4,2018,1586764025.0,-0.0019701368726668944,Slight or No change
229,EQ,HDFCBANK,2018-04-16,1925.0,1920.0,1950.0,1919.85,       1943.50,1942.1,1938.89,711936,1380367127.0,21855,318462,44.73,4,2018,1382650905.6,0.008883116883116937,Slight or No change
230,EQ,HDFCBANK,2018-04-17,1942.1,1943.5,1951.0,1934.1,       1950.00,1948.5,1944.42,666958,1296845993.15,21401,354286,53.12,4,2018,1299567663.0,0.0032954018845579025,Slight or No change
231,EQ,HDFCBANK,2018-04-18,1948.5,1951.0,1953.5,1930.05,       1934.00,1932.6,1942.91,678180,1317640648.7,21302,345977,51.02,4,2018,1310650668.0,-0.008160123171670586,Slight or No change
232,EQ,HDFCBANK,2018-04-19,1932.6,1940.0,1944.8,1933.0,       1939.00,1939.0,1938.07,792258,1535448277.65,36850,456501,57.62,4,2018,1536188262.0,0.0033116009520852696,Slight or No change
233,EQ,HDFCBANK,2018-04-20,1939.0,1941.0,1961.0,1932.15,       1959.70,1955.9,1945.78,2340345,4553789223.35,70006,1792050,76.57,4,2018,4577480785.5,0.008715832903558596,Slight or No change
234,EQ,HDFCBANK,2018-04-23,1955.9,1979.0,1979.0,1860.3,       1939.50,1935.75,1947.51,3826155,7451481658.4,76106,1003096,26.22,4,2018,7406479541.25,-0.010302162687254035,Slight or No change
235,EQ,HDFCBANK,2018-04-24,1935.75,1935.0,1948.05,1926.0,       1934.10,1935.0,1935.57,1259354,2437572242.55,33400,466047,37.01,4,2018,2436849990.0,-0.00038744672607515795,Slight or No change
236,EQ,HDFCBANK,2018-04-25,1935.0,1927.9,1938.0,1912.0,       1920.00,1920.75,1924.27,1005148,1934175516.3,42185,468604,46.62,4,2018,1930638021.0,-0.0073643410852712865,Slight or No change
237,EQ,HDFCBANK,2018-04-26,1920.75,1916.8,1939.2,1911.25,       1926.10,1930.25,1930.42,1961870,3787241208.7,33677,907515,46.26,4,2018,3786899567.5,0.004945984641416157,Slight or No change
238,EQ,HDFCBANK,2018-04-27,1930.25,1933.0,1935.5,1912.5,       1925.00,1923.4,1918.5,1444252,2770792412.6,47025,825792,57.18,4,2018,2777874296.8,-0.0035487631135863174,Slight or No change
239,EQ,HDFCBANK,2018-04-30,1923.4,1930.0,1954.8,1928.8,       1945.10,1944.3,1945.7,1152388,2242199201.2,32030,649513,56.36,4,2018,2240587988.4,0.010866174482686786,Slight or No change
240,EQ,HDFCBANK,2018-05-02,1944.3,1950.0,1978.0,1946.0,       1969.55,1969.5,1965.16,1775012,3488178418.55,62881,938108,52.85,5,2018,3495886134.0,0.012960962814380528,Slight or No change
241,EQ,HDFCBANK,2018-05-03,1969.5,1968.05,1974.9,1946.0,       1968.00,1967.9,1963.23,1038193,2038207486.9,30529,365265,35.18,5,2018,2043060004.7,-0.0008123889312007249,Slight or No change
242,EQ,HDFCBANK,2018-05-04,1967.9,1970.0,1990.0,1966.3,       1985.40,1988.5,1981.08,1720359,3408176310.05,33291,1084558,63.04,5,2018,3420933871.5,0.010468011585954562,Slight or No change
243,EQ,HDFCBANK,2018-05-07,1988.5,1981.65,1987.3,1975.0,       1977.50,1977.4,1980.88,1316032,2606904358.55,32517,781466,59.38,5,2018,2602321676.8,-0.00558209705808399,Slight or No change
244,EQ,HDFCBANK,2018-05-08,1977.4,1979.25,1979.9,1954.6,       1966.50,1967.05,1964.31,1775141,3486935564.55,30036,1149021,64.73,5,2018,3491791104.0499997,-0.00523414584808346,Slight or No change
245,EQ,HDFCBANK,2018-05-09,1967.05,1956.15,1980.5,1956.15,       1978.10,1978.4,1973.46,1081833,2134957238.8,30775,618193,57.14,5,2018,2140298407.2,0.005770061767621737,Slight or No change
246,EQ,HDFCBANK,2018-05-10,1978.4,1988.6,1999.0,1982.0,       1985.30,1992.7,1991.88,1792918,3571274019.0,41455,943387,52.62,5,2018,3572747698.6,0.007228063081277769,Slight or No change
247,EQ,HDFCBANK,2018-05-11,1992.7,1992.7,2017.0,1986.0,       2010.65,2011.75,1999.73,1514267,3028118877.9,49338,879712,58.09,5,2018,3046326637.25,0.009559893611682524,Slight or No change
248,EQ,HDFCBANK,2018-05-14,2011.75,2017.2,2027.4,2012.4,       2024.00,2021.75,2021.18,1185729,2396569105.7,35034,663572,55.96,5,2018,2397247605.75,0.004970796570150426,Slight or No change
249,EQ,HDFCBANK,2018-05-15,2021.75,2027.05,2065.0,2026.7,       2040.25,2037.8,2046.53,2456671,5027645858.0,52626,1289131,52.47,5,2018,5006204163.8,0.007938666996413879,Slight or No change
250,EQ,HDFCBANK,2018-05-16,2037.8,2030.55,2049.0,2017.15,       2027.50,2023.35,2031.04,1710401,3473886890.25,56061,1109107,64.84,5,2018,3460739863.35,-0.007090980469133368,Slight or No change
251,EQ,HDFCBANK,2018-05-17,2023.35,2023.85,2044.45,2012.5,       2040.85,2027.75,2022.12,1653869,3344316980.15,28827,747275,45.18,5,2018,3353632864.75,0.0021746114117675575,Slight or No change
252,EQ,HDFCBANK,2018-05-18,2027.75,2024.7,2024.7,2003.5,       2011.90,2012.15,2014.47,1304365,2627602348.9,47647,660982,50.67,5,2018,2624578034.75,-0.007693256072000887,Slight or No change
253,EQ,HDFCBANK,2018-05-21,2012.15,2016.1,2021.0,1986.05,       1997.10,1993.05,1993.75,1212027,2416479609.35,37162,711864,58.73,5,2018,2415630412.35,-0.009492334070521635,Slight or No change
254,EQ,HDFCBANK,2018-05-22,1993.05,1998.7,2013.95,1985.5,       1989.90,1989.9,1997.96,990093,1978165831.95,57895,582922,58.88,5,2018,1970186060.7,-0.001580492210431217,Slight or No change
255,EQ,HDFCBANK,2018-05-23,1989.9,1987.8,1994.0,1963.4,       1965.00,1967.5,1976.78,1431573,2829907721.45,43333,733712,51.25,5,2018,2816619877.5,-0.01125684707774266,Slight or No change
256,EQ,HDFCBANK,2018-05-24,1967.5,1967.1,1990.25,1956.35,       1989.20,1986.0,1970.67,1130186,2227221743.05,22930,343874,30.43,5,2018,2244549396.0,0.009402795425667021,Slight or No change
257,EQ,HDFCBANK,2018-05-25,1986.0,1990.0,2016.0,1989.9,       2008.00,2008.7,2004.87,1189897,2385592681.1,34306,609785,51.25,5,2018,2390146103.9,0.01143001007049338,Slight or No change
258,EQ,HDFCBANK,2018-05-28,2008.7,2007.8,2052.0,2006.0,       2038.25,2042.2,2037.48,1275985,2599796071.15,35912,612923,48.04,5,2018,2605816567.0,0.016677453079105842,Slight or No change
259,EQ,HDFCBANK,2018-05-29,2042.2,2038.0,2052.7,2028.8,       2031.60,2032.6,2042.07,837811,1710866826.8,37142,336056,40.11,5,2018,1702934638.6,-0.004700812848888569,Slight or No change
260,EQ,HDFCBANK,2018-05-30,2032.6,2019.7,2053.0,2016.3,       2050.50,2048.35,2040.97,1216749,2483350965.9,40713,505099,41.51,5,2018,2492327814.15,0.007748696251106857,Slight or No change
261,EQ,HDFCBANK,2018-05-31,2048.35,2100.0,2160.0,2080.0,       2130.00,2139.45,2118.27,9909798,20991620343.45,172676,4103328,41.41,5,2018,21201517331.1,0.0444748211975492,Slight or No change
262,EQ,HDFCBANK,2018-06-01,2139.45,2116.0,2138.0,2101.0,       2106.95,2110.6,2116.77,5287839,11193143671.65,99119,1532118,28.97,6,2018,11160512993.4,-0.013484774124190801,Slight or No change
263,EQ,HDFCBANK,2018-06-04,2110.6,2150.0,2157.0,2037.95,       2045.00,2046.2,2098.04,22199081,46574473923.0,245711,13914623,62.68,6,2018,45423759542.200005,-0.030512650431156918,Slight or No change
264,EQ,HDFCBANK,2018-06-05,2046.2,2050.0,2066.95,2023.0,       2064.85,2063.6,2050.5,4276365,8768700389.8,107261,2076336,48.55,6,2018,8824706814.0,0.008503567588700855,Slight or No change
265,EQ,HDFCBANK,2018-06-06,2063.6,2060.2,2064.8,2045.0,       2057.40,2057.35,2057.29,2445500,5031101788.0,95270,1579516,64.59,6,2018,5031249425.0,-0.0030286877301802795,Slight or No change
266,EQ,HDFCBANK,2018-06-07,2057.35,2073.2,2079.8,2053.2,       2061.90,2062.2,2070.16,2640974,5467251083.65,78397,1574412,59.61,6,2018,5446216582.799999,0.002357401511653201,Slight or No change
267,EQ,HDFCBANK,2018-06-08,2062.2,2059.0,2061.25,2035.0,       2048.95,2049.35,2046.16,1545222,3161769178.3,104515,884695,57.25,6,2018,3166700705.7,-0.006231209388032122,Slight or No change
268,EQ,HDFCBANK,2018-06-11,2049.35,2051.9,2062.95,2038.8,       2041.75,2042.3,2051.22,1772797,3636404884.75,57753,1138924,64.24,6,2018,3620583313.1,-0.0034401151584648737,Slight or No change
269,EQ,HDFCBANK,2018-06-12,2042.3,2051.9,2052.7,2038.4,       2045.00,2043.85,2045.45,1308564,2676605962.7,54586,871913,66.63,6,2018,2674508531.4,0.0007589482446261897,Slight or No change
270,EQ,HDFCBANK,2018-06-13,2043.85,2052.0,2054.8,2024.1,       2032.00,2031.45,2034.95,1974490,4017987612.55,103434,1353016,68.52,6,2018,4011077710.5,-0.0060669814321011595,Slight or No change
271,EQ,HDFCBANK,2018-06-14,2031.45,2030.0,2045.0,2025.0,       2035.00,2037.4,2039.58,4231894,8631283806.05,96797,2913891,68.86,6,2018,8622060835.6,0.0029289423810578974,Slight or No change
272,EQ,HDFCBANK,2018-06-15,2037.4,2026.0,2038.9,2022.3,       2027.00,2029.6,2031.56,2720204,5526268358.45,90605,1836184,67.5,6,2018,5520926038.4,-0.003828408756258117,Slight or No change
273,EQ,HDFCBANK,2018-06-18,2029.6,2030.1,2038.8,2009.1,       2018.00,2019.15,2019.92,1871851,3780992319.5,86693,1149303,61.4,6,2018,3779547946.65,-0.005148797792668414,Slight or No change
274,EQ,HDFCBANK,2018-06-19,2019.15,2024.95,2040.7,2019.3,       2023.00,2023.5,2028.53,2745288,5568904836.0,117626,1709015,62.25,6,2018,5555090268.0,0.002154371889161233,Slight or No change
275,EQ,HDFCBANK,2018-06-20,2023.5,2026.0,2058.0,2025.0,       2056.00,2056.15,2046.34,2262928,4630722761.1,90621,1568971,69.33,6,2018,4652919407.2,0.01613540894489751,Slight or No change
276,EQ,HDFCBANK,2018-06-21,2056.15,2060.0,2070.8,2047.05,       2056.55,2057.6,2058.53,3377676,6953041564.4,115968,1771901,52.46,6,2018,6949906137.599999,0.0007052014687642938,Slight or No change
277,EQ,HDFCBANK,2018-06-22,2057.6,2056.95,2088.8,2049.85,       2082.25,2083.35,2066.71,1962245,4055397420.6,61594,935825,47.69,6,2018,4088043120.75,0.012514580093312633,Slight or No change
278,EQ,HDFCBANK,2018-06-25,2083.35,2083.05,2097.8,2073.05,       2094.95,2094.95,2090.83,1748084,3654945764.0,92981,1066469,61.01,6,2018,3662148575.7999997,0.005567955456356355,Slight or No change
279,EQ,HDFCBANK,2018-06-26,2094.95,2086.05,2103.0,2079.85,       2092.00,2093.7,2096.18,2290483,4801266126.5,105856,1488070,64.97,6,2018,4795584257.099999,-0.0005966729516218017,Slight or No change
280,EQ,HDFCBANK,2018-06-27,2093.7,2093.0,2119.5,2090.0,       2114.90,2112.6,2111.09,4781701,10094601459.25,143081,3797571,79.42,6,2018,10101821532.6,0.009027081243731194,Slight or No change
281,EQ,HDFCBANK,2018-06-28,2112.6,2115.0,2140.0,2111.2,       2126.50,2130.85,2127.87,9383385,19966613731.85,164533,6546679,69.77,6,2018,19994585927.25,0.008638644324528988,Slight or No change
282,EQ,HDFCBANK,2018-06-29,2130.85,2121.7,2140.0,2105.1,       2111.00,2108.45,2124.32,4864530,10333807329.25,133620,3762199,77.34,6,2018,10256618278.5,-0.010512236900767302,Slight or No change
283,EQ,HDFCBANK,2018-07-02,2108.45,2108.35,2108.4,2063.25,       2069.85,2073.25,2078.06,2466219,5124945922.9,118052,1633841,66.25,7,2018,5113088541.75,-0.01669472835495256,Slight or No change
284,EQ,HDFCBANK,2018-07-03,2073.25,2073.25,2085.0,2065.6,       2070.00,2070.2,2073.27,1715775,3557268417.7,64961,1133429,66.06,7,2018,3551997404.9999995,-0.0014711202218740116,Slight or No change
285,EQ,HDFCBANK,2018-07-04,2070.2,2076.25,2108.05,2069.0,       2100.90,2103.55,2090.23,1524498,3186547034.65,67233,867409,56.9,7,2018,3206857767.9,0.016109554632402823,Slight or No change
286,EQ,HDFCBANK,2018-07-05,2103.55,2105.0,2129.0,2092.55,       2120.50,2123.75,2119.49,2433992,5158831728.4,135292,1634932,67.17,7,2018,5169190510.0,0.009602814290128547,Slight or No change
287,EQ,HDFCBANK,2018-07-06,2123.75,2113.3,2135.55,2111.35,       2118.00,2115.15,2122.21,2030336,4308795255.8,76333,1394036,68.66,7,2018,4294465190.4,-0.004049440847557317,Slight or No change
288,EQ,HDFCBANK,2018-07-09,2115.15,2121.85,2130.0,2107.75,       2126.40,2125.65,2123.14,1545574,3281471871.25,56861,957033,61.92,7,2018,3285349373.1,0.00496418693709666,Slight or No change
289,EQ,HDFCBANK,2018-07-10,2125.65,2129.9,2149.6,2125.0,       2148.00,2146.4,2144.28,2737684,5870364267.55,80725,1953799,71.37,7,2018,5876164937.6,0.00976171994448749,Slight or No change
290,EQ,HDFCBANK,2018-07-11,2146.4,2145.05,2155.7,2134.8,       2148.75,2148.25,2148.79,1464480,3146852927.75,63991,828199,56.55,7,2018,3146069160.0,0.0008619083115914972,Slight or No change
291,EQ,HDFCBANK,2018-07-12,2148.25,2152.9,2179.85,2152.0,       2163.05,2165.95,2170.17,2005167,4351559174.6,87962,926204,46.19,7,2018,4343091463.65,0.008239264517630573,Slight or No change
292,EQ,HDFCBANK,2018-07-13,2165.95,2168.4,2190.8,2163.1,       2181.00,2180.9,2182.75,1790297,3907766215.55,71689,1108502,61.92,7,2018,3904458727.3,0.006902283062859338,Slight or No change
293,EQ,HDFCBANK,2018-07-16,2180.9,2179.4,2190.05,2163.75,       2169.00,2168.85,2173.65,2254334,4900127771.25,108838,1668988,74.03,7,2018,4889312295.9,-0.005525241872621489,Slight or No change
294,EQ,HDFCBANK,2018-07-17,2168.85,2163.25,2181.0,2163.25,       2179.35,2176.75,2174.09,1590481,3457854302.1,67757,1122147,70.55,7,2018,3462079516.75,0.0036424833437076476,Slight or No change
295,EQ,HDFCBANK,2018-07-18,2176.75,2187.0,2220.0,2173.65,       2175.05,2176.2,2197.09,4365068,9590431537.0,171949,2759227,63.21,7,2018,9499260981.599998,-0.00025267026530384484,Slight or No change
296,EQ,HDFCBANK,2018-07-19,2176.2,2183.0,2193.5,2171.0,       2189.85,2186.1,2183.12,1326194,2895239288.35,64415,577761,43.57,7,2018,2899192703.4,0.00454921422663368,Slight or No change
297,EQ,HDFCBANK,2018-07-20,2186.1,2186.1,2202.85,2171.1,       2185.00,2189.05,2181.89,2501741,5458512867.9,106355,1752814,70.06,7,2018,5476436136.05,0.0013494350670144595,Slight or No change
298,EQ,HDFCBANK,2018-07-23,2189.05,2150.0,2178.0,2138.05,       2149.70,2156.45,2161.43,4220033,9121307521.05,133259,2430709,57.6,7,2018,9100290162.849998,-0.014892304881112928,Slight or No change
299,EQ,HDFCBANK,2018-07-24,2156.45,2147.0,2169.0,2147.0,       2162.50,2159.75,2161.82,1302198,2815119558.2,68274,675430,51.87,7,2018,2812422130.5,0.0015302928424030249,Slight or No change
300,EQ,HDFCBANK,2018-07-25,2159.75,2164.65,2176.8,2160.0,       2171.50,2170.35,2169.01,1759654,3816707951.15,90191,1050926,59.72,7,2018,3819065058.8999996,0.004907975460122671,Slight or No change
301,EQ,HDFCBANK,2018-07-26,2170.35,2165.0,2203.45,2165.0,       2197.10,2192.6,2187.34,5320273,11637254767.2,127857,3327638,62.55,7,2018,11665230579.8,0.010251802704632995,Slight or No change
302,EQ,HDFCBANK,2018-07-27,2192.6,2201.95,2211.95,2184.7,       2203.05,2202.15,2198.69,2638649,5801564430.6,89804,1858964,70.45,7,2018,5810700895.35,0.004355559609596105,Slight or No change
303,EQ,HDFCBANK,2018-07-30,2202.15,2199.0,2199.0,2159.4,       2164.70,2169.9,2172.52,1792280,3893772394.6,74697,1033733,57.68,7,2018,3889068372.0,-0.014644778966010463,Slight or No change
304,EQ,HDFCBANK,2018-07-31,2169.9,2160.0,2185.9,2150.05,       2183.45,2179.5,2166.28,2215236,4798817147.85,98101,1349477,60.92,7,2018,4828106862.0,0.004424167012304636,Slight or No change
305,EQ,HDFCBANK,2018-08-01,2179.5,2162.8,2175.0,2151.7,       2153.70,2158.7,2165.15,1517890,3286456658.0,70160,970508,63.94,8,2018,3276669142.9999995,-0.009543473273686653,Slight or No change
306,EQ,HDFCBANK,2018-08-02,2158.7,2153.5,2153.7,2121.35,       2131.60,2130.2,2133.82,2226426,4750789246.75,99571,1420930,63.82,8,2018,4742732665.2,-0.013202390327511915,Slight or No change
307,EQ,HDFCBANK,2018-08-03,2130.2,2133.55,2147.05,2114.0,       2121.25,2121.65,2125.56,3401002,7229046230.4,96409,2509448,73.79,8,2018,7215735893.3,-0.00401370763308595,Slight or No change
308,EQ,HDFCBANK,2018-08-06,2121.65,2121.0,2137.4,2106.1,       2114.50,2114.3,2121.83,1436158,3047281357.1,83966,715425,49.82,8,2018,3036468859.4,-0.003464284872622625,Slight or No change
309,EQ,HDFCBANK,2018-08-07,2114.3,2125.0,2134.5,2108.0,       2133.80,2130.9,2122.33,1857114,3941407412.75,90909,1000787,53.89,8,2018,3957324222.6000004,0.007851298302038456,Slight or No change
310,EQ,HDFCBANK,2018-08-08,2130.9,2135.85,2151.8,2133.05,       2137.00,2136.35,2142.56,2486345,5327149222.6,77692,1585046,63.75,8,2018,5311703140.75,0.002557604767938315,Slight or No change
311,EQ,HDFCBANK,2018-08-09,2136.35,2142.0,2142.0,2094.65,       2119.90,2118.5,2113.99,2236102,4727093945.6,87015,958780,42.88,8,2018,4737182087.0,-0.008355372481100853,Slight or No change
312,EQ,HDFCBANK,2018-08-10,2118.5,2123.5,2123.8,2098.0,       2115.00,2114.45,2113.08,1360735,2875336118.75,55600,719008,52.84,8,2018,2877206120.7499995,-0.0019117299976398883,Slight or No change
313,EQ,HDFCBANK,2018-08-13,2114.45,2084.0,2103.95,2080.0,       2091.00,2091.65,2086.73,2513563,5245117093.3,125373,1508421,60.01,8,2018,5257494048.95,-0.010782945919742604,Slight or No change
314,EQ,HDFCBANK,2018-08-14,2091.65,2098.0,2105.0,2087.2,       2089.30,2089.1,2096.29,1233991,2586799336.6,73903,727048,58.92,8,2018,2577930598.1,-0.0012191332201850757,Slight or No change
315,EQ,HDFCBANK,2018-08-16,2089.1,2083.0,2086.7,2066.4,       2075.40,2075.7,2075.3,2656290,5512588625.55,111884,1854512,69.82,8,2018,5513661152.999999,-0.0064142453688191825,Slight or No change
316,EQ,HDFCBANK,2018-08-17,2075.7,2082.9,2093.05,2071.65,       2077.00,2077.35,2083.55,1516332,3159352232.8,61019,1093789,72.13,8,2018,3149952280.2,0.0007949125596184992,Slight or No change
317,EQ,HDFCBANK,2018-08-20,2077.35,2075.0,2107.6,2075.0,       2098.30,2096.2,2097.76,1952784,4096467594.9,106058,1192922,61.09,8,2018,4093425820.7999997,0.009074060702336961,Slight or No change
318,BL,HDFCBANK,2018-08-21,470.0,2096.2,2096.2,2096.2,       2096.20,2096.2,2096.2,120298,252168667.6,1,120298,100.0,8,2018,252168667.59999996,0.0,Slight or No change
319,EQ,HDFCBANK,2018-08-21,2096.2,2098.0,2112.0,2092.65,       2097.00,2096.05,2102.15,1944080,4086746410.8,68551,1421918,73.14,8,2018,4074888884.0000005,-7.155805743708221e-05,Slight or No change
320,EQ,HDFCBANK,2018-08-23,2096.05,2105.0,2107.0,2076.85,       2079.90,2079.9,2089.39,3143638,6568270564.5,106905,2528197,80.42,8,2018,6538452676.2,-0.007704968870017481,Slight or No change
321,EQ,HDFCBANK,2018-08-24,2079.9,2071.0,2093.6,2066.05,       2070.00,2069.85,2076.05,2428657,5042021707.4,71991,1808393,74.46,8,2018,5026955691.45,-0.004831963075147883,Slight or No change
322,EQ,HDFCBANK,2018-08-27,2069.85,2077.0,2088.5,2070.25,       2082.95,2080.45,2079.6,3143697,6537626117.3,77365,1913949,60.88,8,2018,6540304423.65,0.005121144044254455,Slight or No change
323,EQ,HDFCBANK,2018-08-28,2080.45,2088.0,2098.25,2078.8,       2097.40,2094.85,2085.96,2493383,5201100522.0,56947,1851997,74.28,8,2018,5223263377.55,0.0069215794659809315,Slight or No change
324,EQ,HDFCBANK,2018-08-29,2094.85,2092.15,2094.05,2072.75,       2082.90,2078.5,2082.02,2468423,5139296267.05,90836,1782109,72.2,8,2018,5130617205.5,-0.00780485476287085,Slight or No change
325,EQ,HDFCBANK,2018-08-30,2078.5,2083.6,2087.9,2061.85,       2068.00,2066.1,2068.31,5456865,11286474714.35,133557,4345737,79.64,8,2018,11274428776.5,-0.005965840750541296,Slight or No change
326,EQ,HDFCBANK,2018-08-31,2066.1,2069.2,2078.75,2058.25,       2059.95,2061.2,2066.01,3942875,8146013033.25,140776,3181673,80.69,8,2018,8127053949.999999,-0.002371618024297084,Slight or No change
327,EQ,HDFCBANK,2018-09-03,2061.2,2069.4,2078.95,2063.5,       2073.95,2075.05,2074.56,1915402,3973616594.8,65178,1283227,67.0,9,2018,3974554920.1000004,0.0067193867649915084,Slight or No change
328,EQ,HDFCBANK,2018-09-04,2075.05,2076.9,2077.95,2049.0,       2052.05,2051.8,2058.91,1782634,3670291386.7,67279,1256959,70.51,9,2018,3657608441.2000003,-0.01120454928796899,Slight or No change
329,EQ,HDFCBANK,2018-09-05,2051.8,2053.8,2060.2,2035.55,       2044.35,2045.85,2044.77,1410377,2883899267.05,73829,797823,56.57,9,2018,2885419785.45,-0.0028998927770739202,Slight or No change
330,EQ,HDFCBANK,2018-09-06,2045.85,2049.0,2059.0,2032.6,       2050.15,2052.2,2044.28,2600603,5316362856.9,125530,1571661,60.43,9,2018,5336957476.599999,0.003103844367866593,Slight or No change
331,EQ,HDFCBANK,2018-09-07,2052.2,2051.0,2060.0,2040.75,       2059.00,2056.95,2049.34,1479825,3032658572.1,78038,879399,59.43,9,2018,3043926033.7499995,0.0023145892213234376,Slight or No change
332,EQ,HDFCBANK,2018-09-10,2056.95,2055.0,2055.0,2025.1,       2039.00,2041.15,2035.83,2149648,4376324619.0,81719,1391506,64.73,9,2018,4387754015.2,-0.007681275675149979,Slight or No change
333,EQ,HDFCBANK,2018-09-11,2041.15,2046.3,2048.0,1994.15,       2000.10,2000.4,2016.36,4546634,9167648376.35,134132,3634555,79.94,9,2018,9095086653.6,-0.019964235847438894,Slight or No change
334,EQ,HDFCBANK,2018-09-12,2000.4,2001.9,2021.35,1989.55,       2017.80,2011.85,2003.65,3061502,6134193205.65,106281,2063215,67.39,9,2018,6159282798.7,0.005723855228954022,Slight or No change
335,EQ,HDFCBANK,2018-09-14,2011.85,2019.85,2037.4,2018.95,       2027.75,2029.6,2025.31,2583668,5232736593.45,104303,1910009,73.93,9,2018,5243812572.8,0.008822725352287675,Slight or No change
336,EQ,HDFCBANK,2018-09-17,2029.6,2021.3,2022.95,1988.0,       1991.95,1992.2,1996.62,2334555,4661229732.05,98788,1707061,73.12,9,2018,4650900471.0,-0.018427276310603036,Slight or No change
337,EQ,HDFCBANK,2018-09-18,1992.2,1994.9,2009.85,1980.95,       1991.00,1989.2,1996.22,2331434,4654066699.15,119091,1494911,64.12,9,2018,4637688512.8,-0.0015058729043269103,Slight or No change
338,EQ,HDFCBANK,2018-09-19,1989.2,1994.85,1998.0,1956.5,       1962.15,1961.35,1972.12,4178066,8239636739.0,158841,2892899,69.24,9,2018,8194649749.099999,-0.014000603257591004,Slight or No change
339,EQ,HDFCBANK,2018-09-21,1961.35,1973.9,1999.85,1910.2,       1976.00,1970.25,1972.83,5652537,11151516852.75,159768,3618031,64.01,9,2018,11136911024.25,0.0045376908761822765,Slight or No change
340,EQ,HDFCBANK,2018-09-24,1970.25,1967.25,1972.2,1915.0,       1922.00,1925.7,1944.39,3347698,6509244678.95,144878,2192667,65.5,9,2018,6446662038.6,-0.02261134373810425,Slight or No change
341,EQ,HDFCBANK,2018-09-25,1925.7,1925.7,1962.0,1915.0,       1961.70,1952.4,1936.01,4170638,8074408156.7,125022,2492934,59.77,9,2018,8142753631.200001,0.013865088019940908,Slight or No change
342,EQ,HDFCBANK,2018-09-26,1952.4,1962.95,1978.0,1955.3,       1966.05,1968.2,1966.04,3681681,7238341782.8,145107,2807141,76.25,9,2018,7246284544.2,0.008092603974595436,Slight or No change
343,EQ,HDFCBANK,2018-09-27,1968.2,1969.4,1986.0,1955.15,       1978.10,1976.15,1972.52,4588052,9050041001.9,116913,3341974,72.84,9,2018,9066678959.800001,0.004039223656132629,Slight or No change
344,EQ,HDFCBANK,2018-09-28,1976.15,1980.65,2015.45,1977.15,       2008.50,2006.05,2002.53,3615179,7239503402.4,106240,2096118,57.98,9,2018,7252229832.95,0.01513043038230899,Slight or No change
345,EQ,HDFCBANK,2018-10-01,2006.05,2009.8,2042.0,1997.8,       2039.90,2035.45,2020.89,3112397,6289802723.6,137110,2063063,66.29,10,2018,6335128473.650001,0.014655666608509366,Slight or No change
346,EQ,HDFCBANK,2018-10-03,2035.45,2030.45,2052.2,2007.0,       2031.00,2031.15,2030.01,3833037,7781099199.75,186478,2644623,69.0,10,2018,7785473102.55,-0.002112554963275892,Slight or No change
347,EQ,HDFCBANK,2018-10-04,2031.15,2008.0,2017.8,1943.0,       1945.00,1957.75,1977.74,4492646,8885267601.6,153828,2558885,56.96,10,2018,8795477706.5,-0.03613716367575026,Slight or No change
348,EQ,HDFCBANK,2018-10-05,1957.75,1953.95,1990.0,1940.15,       1950.00,1965.3,1969.01,3932295,7742732615.35,128211,2248905,57.19,10,2018,7728139363.5,0.003856467884050474,Slight or No change
349,EQ,HDFCBANK,2018-10-08,1965.3,1965.0,1969.0,1930.0,       1940.00,1945.0,1952.44,5032005,9824668679.65,169225,3483442,69.23,10,2018,9787249725.0,-0.010329211825166662,Slight or No change
350,EQ,HDFCBANK,2018-10-09,1945.0,1944.4,1965.0,1930.0,       1945.95,1940.6,1944.92,3114841,6058129369.35,88603,1953889,62.73,10,2018,6044660444.599999,-0.0022622107969152427,Slight or No change
351,EQ,HDFCBANK,2018-10-10,1940.6,1945.0,1982.25,1935.5,       1968.40,1967.15,1963.16,3984983,7823155390.1,117923,2403363,60.31,10,2018,7839059308.450001,0.01368133566938079,Slight or No change
352,EQ,HDFCBANK,2018-10-11,1967.15,1925.0,1948.3,1917.6,       1941.00,1937.55,1931.15,3589976,6932797361.65,129986,2331832,64.95,10,2018,6955757998.8,-0.015047149429377571,Slight or No change
353,EQ,HDFCBANK,2018-10-12,1937.55,1945.0,1997.1,1942.0,       1977.00,1981.85,1981.23,2400080,4755112135.3,93778,1539425,64.14,10,2018,4756598548.0,0.02286392609222987,Slight or No change
354,EQ,HDFCBANK,2018-10-15,1981.85,1990.0,2010.8,1970.3,       2009.70,2008.05,1994.75,3146492,6276455268.6,109332,2245706,71.37,10,2018,6318313260.599999,0.013219971238993988,Slight or No change
355,EQ,HDFCBANK,2018-10-16,2008.05,2003.0,2018.2,1987.5,       1989.60,1992.75,2002.38,2351501,4708609015.6,97545,1333177,56.69,10,2018,4685953617.75,-0.007619332187943528,Slight or No change
356,EQ,HDFCBANK,2018-10-17,1992.75,2006.1,2013.0,1963.5,       1974.65,1974.6,1995.84,1985199,3962136753.1,67208,941791,47.44,10,2018,3919973945.3999996,-0.00910801656003013,Slight or No change
357,EQ,HDFCBANK,2018-10-19,1974.6,1958.9,1980.85,1958.0,       1970.00,1967.75,1968.79,2466837,4856687587.7,126597,1527531,61.92,10,2018,4854118506.75,-0.0034690570242074115,Slight or No change
358,EQ,HDFCBANK,2018-10-22,1967.75,2014.0,2020.0,1988.6,       1998.30,1998.9,2000.42,5082790,10167706188.25,218564,2846739,56.01,10,2018,10159988931.0,0.01583026299072543,Slight or No change
359,EQ,HDFCBANK,2018-10-23,1998.9,1973.0,1998.9,1973.0,       1985.00,1984.85,1987.49,4857141,9653520390.95,199917,3793841,78.11,10,2018,9640696313.85,-0.007028865876231971,Slight or No change
360,EQ,HDFCBANK,2018-10-24,1984.85,2004.0,2008.8,1972.6,       1992.00,1992.25,1990.39,4518084,8992731522.5,197249,3218397,71.23,10,2018,9001152849.0,0.003728241428823331,Slight or No change
361,EQ,HDFCBANK,2018-10-25,1992.25,1973.6,2003.6,1962.45,       1972.00,1968.8,1975.89,7461764,14743593769.15,154138,5177476,69.39,10,2018,14690720963.199999,-0.011770611118082641,Slight or No change
362,EQ,HDFCBANK,2018-10-26,1968.8,1968.8,1977.2,1949.0,       1961.20,1961.2,1962.89,3788928,7437246756.5,111281,2779751,73.37,10,2018,7430845593.6,-0.003860219422998745,Slight or No change
363,EQ,HDFCBANK,2018-10-29,1961.2,1964.1,1964.95,1895.2,       1929.90,1926.3,1915.87,4261070,8163669616.85,134982,1911410,44.86,10,2018,8208099141.0,-0.01779522741178874,Slight or No change
364,EQ,HDFCBANK,2018-10-30,1926.3,1925.0,1932.0,1899.3,       1912.00,1912.75,1917.66,3457176,6629678175.15,116901,2095481,60.61,10,2018,6612713394.0,-0.007034210662928864,Slight or No change
365,EQ,HDFCBANK,2018-10-31,1912.75,1902.05,1917.9,1885.0,       1906.00,1911.75,1899.44,5862351,11135167118.1,175024,4061738,69.29,10,2018,11207349524.25,-0.0005228074761468582,Slight or No change
366,EQ,HDFCBANK,2018-11-01,1911.75,1930.0,1930.0,1896.0,       1911.70,1912.2,1911.87,4907263,9382024998.4,156362,2847446,58.03,11,2018,9383668308.6,0.00023538642604936655,Slight or No change
367,EQ,HDFCBANK,2018-11-02,1912.2,1926.0,1960.0,1912.0,       1950.00,1949.45,1932.67,7523217,14539874379.75,261775,5270015,70.05,11,2018,14666135380.65,0.01948017989750017,Slight or No change
368,EQ,HDFCBANK,2018-11-05,1949.45,1949.9,1959.65,1938.0,       1959.60,1956.0,1949.18,1426324,2780160953.6,81177,663132,46.49,11,2018,2789889744.0,0.003359922029290363,Slight or No change
369,EQ,HDFCBANK,2018-11-06,1956.0,1955.0,1976.0,1942.95,       1948.30,1946.55,1963.84,2121397,4166089811.8,83625,958206,45.17,11,2018,4129405330.35,-0.004831288343558282,Slight or No change
370,EQ,HDFCBANK,2018-11-07,1946.55,1961.0,1964.95,1950.0,       1960.00,1957.95,1957.17,239690,469113468.35,11247,130511,54.45,11,2018,469301035.5,0.005856515373352966,Slight or No change
371,EQ,HDFCBANK,2018-11-09,1957.95,1958.2,1959.9,1936.3,       1943.30,1945.4,1949.37,2525405,4922945328.8,95895,1781131,70.53,11,2018,4912922887.0,-0.006409765315763871,Slight or No change
372,EQ,HDFCBANK,2018-11-12,1945.4,1951.5,1962.0,1917.15,       1920.85,1921.05,1935.97,1976941,3827291201.1,74961,1315900,66.56,11,2018,3797802508.0499997,-0.012516706075871409,Slight or No change
373,EQ,HDFCBANK,2018-11-13,1921.05,1919.0,1937.7,1908.2,       1929.55,1927.75,1922.55,3337605,6416714727.7,94849,2478130,74.25,11,2018,6434068038.75,0.0034876760105151394,Slight or No change
374,EQ,HDFCBANK,2018-11-14,1927.75,1938.55,1960.0,1936.6,       1959.90,1957.75,1945.75,6527659,12701184438.2,130711,5161560,79.07,11,2018,12779524407.25,0.01556218389313968,Slight or No change
375,EQ,HDFCBANK,2018-11-15,1957.75,1961.9,1977.3,1931.2,       1973.10,1975.15,1970.02,2598131,5118369305.6,81525,1644704,63.3,11,2018,5131698444.650001,0.008887753799003972,Slight or No change
376,EQ,HDFCBANK,2018-11-16,1975.15,1981.0,2013.0,1980.0,       2002.80,2004.3,2002.21,3953304,7915327251.4,159078,2739135,69.29,11,2018,7923607207.2,0.014758372781813911,Slight or No change
377,EQ,HDFCBANK,2018-11-19,2004.3,2011.0,2021.0,2001.9,       2016.10,2013.9,2014.67,3071607,6188263925.5,83092,2360849,76.86,11,2018,6185909337.3,0.0047897021403982,Slight or No change
378,EQ,HDFCBANK,2018-11-20,2013.9,2013.0,2019.6,1999.05,       2012.75,2012.45,2011.58,1426292,2869107308.9,85294,741376,51.98,11,2018,2870341335.4,-0.000719996027608194,Slight or No change
379,EQ,HDFCBANK,2018-11-21,2012.45,2012.75,2023.95,2004.0,       2019.45,2018.75,2015.13,1636401,3297556596.95,76850,1053255,64.36,11,2018,3303484518.75,0.003130512559318177,Slight or No change
380,EQ,HDFCBANK,2018-11-22,2018.75,2013.25,2035.0,2000.15,       2006.25,2005.5,2023.07,3243638,6562105543.15,115047,1938559,59.76,11,2018,6505116009.0,-0.006563467492260111,Slight or No change
381,EQ,HDFCBANK,2018-11-26,2005.5,2013.9,2052.0,2012.05,       2050.00,2049.8,2040.0,4546109,9274060072.9,165102,3534083,77.74,11,2018,9318614228.2,0.022089254549987558,Slight or No change
382,EQ,HDFCBANK,2018-11-27,2049.8,2041.05,2067.9,2040.75,       2064.00,2064.0,2056.61,3223860,6630237996.2,120598,2433069,75.47,11,2018,6654047040.0,0.006927505122450883,Slight or No change
383,EQ,HDFCBANK,2018-11-28,2064.0,2065.0,2098.6,2060.1,       2091.00,2089.25,2087.01,3255277,6793787378.2,118889,2212588,67.97,11,2018,6801087472.25,0.01223352713178305,Slight or No change
384,EQ,HDFCBANK,2018-11-29,2089.25,2101.0,2137.4,2094.0,       2132.25,2131.05,2115.77,7977159,16877830185.75,137395,4939239,61.92,11,2018,16999724686.95,0.020007179609907944,Slight or No change
385,EQ,HDFCBANK,2018-11-30,2131.05,2130.0,2137.55,2110.0,       2120.45,2128.45,2123.64,3260231,6923545037.8,113720,2370067,72.7,11,2018,6939238671.95,-0.0012200558410174756,Slight or No change
386,EQ,HDFCBANK,2018-12-03,2128.45,2131.0,2142.0,2106.9,       2111.50,2113.3,2124.73,2699964,5736686717.7,127153,1880609,69.65,12,2018,5705833921.200001,-0.0071178557166010625,Slight or No change
387,EQ,HDFCBANK,2018-12-04,2113.3,2105.4,2111.0,2078.6,       2086.90,2085.55,2087.81,2039355,4257781100.75,105043,1377607,67.55,12,2018,4253176820.2500005,-0.013131121941986512,Slight or No change
388,EQ,HDFCBANK,2018-12-05,2085.55,2078.0,2105.3,2075.95,       2103.00,2099.2,2095.14,2949711,6180060012.2,126657,2011056,68.18,12,2018,6192033331.2,0.006545036081609057,Slight or No change
389,EQ,HDFCBANK,2018-12-06,2099.2,2089.7,2101.65,2085.0,       2096.80,2097.05,2092.75,2932563,6137116154.55,112545,1841640,62.8,12,2018,6149731239.150001,-0.0010241996951217969,Slight or No change
390,EQ,HDFCBANK,2018-12-07,2097.05,2106.7,2118.0,2080.3,       2115.00,2107.6,2099.32,2475980,5197871655.75,131649,1350610,54.55,12,2018,5218375448.0,0.005030876707756038,Slight or No change
391,EQ,HDFCBANK,2018-12-10,2107.6,2065.9,2104.8,2065.9,       2084.50,2088.75,2086.54,2728764,5693679871.65,138891,1801264,66.01,12,2018,5699705805.0,-0.008943822357183495,Slight or No change
392,EQ,HDFCBANK,2018-12-11,2088.75,2056.0,2071.3,2032.0,       2056.15,2059.55,2051.47,4726445,9696150473.75,241564,2468088,52.22,12,2018,9734349799.75,-0.01397965290245351,Slight or No change
393,EQ,HDFCBANK,2018-12-12,2059.55,2066.95,2089.8,2060.1,       2084.60,2085.3,2078.41,2842622,5908146554.45,146407,1922295,67.62,12,2018,5927719656.6,0.012502731179141024,Slight or No change
394,EQ,HDFCBANK,2018-12-13,2085.3,2095.0,2125.0,2091.3,       2100.00,2101.3,2106.01,1766059,3719335180.8,105301,772172,43.72,12,2018,3711019776.7000003,0.007672756917469936,Slight or No change
395,EQ,HDFCBANK,2018-12-14,2101.3,2104.9,2118.0,2088.05,       2095.10,2095.7,2100.36,1539571,3233650712.4,86089,779545,50.63,12,2018,3226478944.7,-0.002665016894303651,Slight or No change
396,EQ,HDFCBANK,2018-12-17,2095.7,2104.0,2132.6,2099.0,       2128.50,2130.2,2120.53,2109331,4472890885.35,86084,1367963,64.85,12,2018,4493296896.2,0.016462279906475086,Slight or No change
397,EQ,HDFCBANK,2018-12-18,2130.2,2124.0,2139.0,2102.6,       2138.10,2135.45,2120.42,1853492,3930178580.25,73591,830866,44.83,12,2018,3958039491.3999996,0.0024645573185615444,Slight or No change
398,EQ,HDFCBANK,2018-12-19,2135.45,2133.1,2159.4,2113.55,       2123.00,2123.45,2129.21,2252474,4795995431.55,118427,1162216,51.6,12,2018,4783015915.299999,-0.00561942447727648,Slight or No change
399,EQ,HDFCBANK,2018-12-20,2123.45,2112.55,2140.45,2102.65,       2138.00,2137.45,2119.71,1995119,4229074553.65,108131,779492,39.07,12,2018,4264467106.5499997,0.006593044338223164,Slight or No change
400,EQ,HDFCBANK,2018-12-21,2137.45,2134.0,2149.1,2109.05,       2111.15,2111.15,2126.59,2555077,5433609822.6,146305,1500441,58.72,12,2018,5394150808.55,-0.012304381389038221,Slight or No change
401,EQ,HDFCBANK,2018-12-24,2111.15,2104.0,2104.0,2077.35,       2083.00,2080.65,2088.5,1400372,2924675632.5,65118,767268,54.79,12,2018,2913684001.8,-0.014447102290220948,Slight or No change
402,EQ,HDFCBANK,2018-12-26,2080.65,2077.0,2127.0,2069.0,       2124.80,2122.35,2093.35,1900479,3978376727.0,77934,884634,46.55,12,2018,4033481605.6499996,0.020041813856246815,Slight or No change
403,EQ,HDFCBANK,2018-12-27,2122.35,2133.0,2138.2,2098.45,       2107.00,2105.05,2115.65,2909967,6156462276.7,101521,1011944,34.78,12,2018,6125626033.35,-0.00815134167314524,Slight or No change
404,EQ,HDFCBANK,2018-12-28,2105.05,2117.35,2137.75,2115.5,       2124.00,2122.9,2124.98,2353903,5001999453.5,104735,1130711,48.04,12,2018,4997100678.7,0.00847960856036667,Slight or No change
405,EQ,HDFCBANK,2018-12-31,2122.9,2137.0,2137.0,2116.7,       2121.85,2121.7,2124.35,1466632,3115638472.7,71843,794268,54.16,12,2018,3111753114.3999996,-0.000565264496679152,Slight or No change
406,EQ,HDFCBANK,2019-01-01,2121.7,2127.65,2151.0,2105.6,       2149.00,2148.1,2131.37,1593360,3396043277.4,50308,792410,49.73,1,2019,3422696616.0,0.012442852429655593,Slight or No change
407,EQ,HDFCBANK,2019-01-02,2148.1,2142.8,2147.5,2119.7,       2127.00,2128.5,2132.45,2033558,4336463537.4,95751,998186,49.09,1,2019,4328428203.0,-0.009124342442158095,Slight or No change
408,EQ,HDFCBANK,2019-01-03,2128.5,2124.2,2128.25,2103.0,       2110.00,2111.8,2112.75,3192916,6745826356.05,129992,2037811,63.82,1,2019,6742800008.8,-0.007845900869156597,Slight or No change
409,EQ,HDFCBANK,2019-01-04,2111.8,2115.25,2128.5,2110.35,       2118.85,2117.45,2119.55,1821780,3861355797.55,71863,990354,54.36,1,2019,3857528060.9999995,0.002675442750260215,Slight or No change
410,EQ,HDFCBANK,2019-01-07,2117.45,2127.7,2135.35,2118.0,       2120.50,2120.65,2128.37,1346753,2866387728.65,51524,763086,56.66,1,2019,2855991749.4500003,0.0015112517414817006,Slight or No change
411,EQ,HDFCBANK,2019-01-08,2120.65,2122.0,2123.5,2096.65,       2102.90,2103.0,2105.77,2085865,4392343434.15,63105,1156791,55.46,1,2019,4386574095.0,-0.008322919859477085,Slight or No change
412,EQ,HDFCBANK,2019-01-09,2103.0,2118.0,2121.35,2102.6,       2116.80,2116.8,2112.62,2142157,4525566666.15,86929,1494458,69.76,1,2019,4534517937.6,0.0065620542082740485,Slight or No change
413,EQ,HDFCBANK,2019-01-10,2116.8,2117.0,2123.8,2092.65,       2106.60,2108.5,2114.87,1922885,4066660283.85,79438,1122621,58.38,1,2019,4054403022.5,-0.003921012849584349,Slight or No change
414,EQ,HDFCBANK,2019-01-11,2108.5,2113.8,2124.0,2108.0,       2115.00,2111.9,2114.59,1602010,3387596238.95,68529,867953,54.18,1,2019,3383284919.0,0.0016125207493478122,Slight or No change
415,EQ,HDFCBANK,2019-01-14,2111.9,2109.9,2109.9,2098.45,       2104.90,2101.65,2102.69,1213790,2552219684.45,58066,817354,67.34,1,2019,2550961753.5,-0.004853449500449858,Slight or No change
416,EQ,HDFCBANK,2019-01-15,2101.65,2105.05,2126.5,2102.0,       2117.00,2121.9,2118.86,1271889,2694949646.95,55681,724280,56.95,1,2019,2698821269.1,0.009635286560559564,Slight or No change
417,EQ,HDFCBANK,2019-01-16,2121.9,2120.05,2125.0,2108.25,       2117.00,2120.2,2118.69,1313113,2782077967.0,72148,910308,69.32,1,2019,2784062182.6,-0.0008011687638438403,Slight or No change
418,EQ,HDFCBANK,2019-01-17,2120.2,2125.25,2135.9,2113.35,       2130.40,2132.3,2124.86,2060057,4377341580.55,77528,1170828,56.83,1,2019,4392659541.1,0.005707008772757538,Slight or No change
419,EQ,HDFCBANK,2019-01-18,2132.3,2135.0,2139.0,2114.55,       2130.00,2130.25,2128.13,1301994,2770812571.25,67451,665655,51.13,1,2019,2773572718.5,-0.000961403179665199,Slight or No change
420,EQ,HDFCBANK,2019-01-21,2130.25,2139.95,2166.5,2126.5,       2145.40,2148.15,2151.51,4390378,9445947630.45,144556,1638668,37.32,1,2019,9431190500.7,0.008402769627978035,Slight or No change
421,EQ,HDFCBANK,2019-01-22,2148.15,2146.0,2146.8,2129.05,       2132.25,2135.85,2136.85,2199244,4699456324.45,119550,1304339,59.31,1,2019,4697255297.4,-0.005725857132881873,Slight or No change
422,EQ,HDFCBANK,2019-01-23,2135.85,2134.0,2135.85,2101.45,       2106.95,2105.4,2123.27,1906072,4047104726.75,85545,1264167,66.32,1,2019,4013043988.8,-0.014256619144602745,Slight or No change
423,EQ,HDFCBANK,2019-01-24,2105.4,2110.0,2121.65,2097.9,       2098.60,2102.25,2109.73,2527893,5333167868.85,141995,1465573,57.98,1,2019,5314263059.25,-0.0014961527500713112,Slight or No change
424,EQ,HDFCBANK,2019-01-25,2102.25,2093.0,2110.0,2090.0,       2092.05,2096.0,2102.2,2815559,5918870073.55,109171,1684610,59.83,1,2019,5901411664.0,-0.002973005113568794,Slight or No change
425,EQ,HDFCBANK,2019-01-28,2096.0,2090.0,2102.05,2076.75,       2087.00,2084.15,2090.88,3840109,8029190019.85,170502,2636056,68.65,1,2019,8003363172.35,-0.005653625954198382,Slight or No change
426,EQ,HDFCBANK,2019-01-29,2084.15,2078.25,2083.0,2053.0,       2059.40,2057.6,2067.93,3690697,7632110523.3,124666,2636216,71.43,1,2019,7593978147.2,-0.012739006309526735,Slight or No change
427,EQ,HDFCBANK,2019-01-30,2057.6,2057.25,2057.25,2028.0,       2033.50,2034.7,2035.54,4628540,9421572630.55,197593,3817215,82.47,1,2019,9417690338.0,-0.01112947122861585,Slight or No change
428,EQ,HDFCBANK,2019-01-31,2034.7,2031.0,2089.75,2022.0,       2073.00,2079.95,2060.96,4144851,8542369085.8,155825,2238129,54.0,1,2019,8621082837.449999,0.02223915073475191,Slight or No change
429,EQ,HDFCBANK,2019-02-01,2079.95,2079.95,2117.0,2076.6,       2095.75,2090.45,2099.48,3913547,8216405021.45,116055,2360380,60.31,2,2019,8181074326.15,0.00504819827399694,Slight or No change
430,EQ,HDFCBANK,2019-02-04,2090.45,2095.0,2113.0,2082.65,       2098.55,2104.9,2097.57,1984572,4162769920.2,145764,1156072,58.25,2,2019,4177325602.8,0.006912387285034516,Slight or No change
431,EQ,HDFCBANK,2019-02-05,2104.9,2108.0,2119.0,2097.0,       2115.00,2114.05,2110.78,2172572,4585820145.8,73303,1548389,71.27,2,2019,4592925836.6,0.004346999857475442,Slight or No change
432,EQ,HDFCBANK,2019-02-06,2114.05,2116.25,2127.0,2113.6,       2122.00,2122.65,2120.9,2718921,5766554240.8,106255,1880675,69.17,2,2019,5771317660.650001,0.004068021096946595,Slight or No change
433,EQ,HDFCBANK,2019-02-07,2122.65,2125.05,2130.0,2105.85,       2110.90,2117.25,2122.39,1804327,3829487756.5,80400,1025176,56.82,2,2019,3820211340.75,-0.0025439898240406933,Slight or No change
434,EQ,HDFCBANK,2019-02-08,2117.25,2112.0,2144.95,2106.65,       2117.00,2122.65,2126.16,3058911,6503720043.85,98707,2028984,66.33,2,2019,6492997434.150001,0.0025504782146652527,Slight or No change
435,EQ,HDFCBANK,2019-02-11,2122.65,2113.3,2142.9,2113.3,       2139.00,2139.65,2132.18,1759091,3750705910.6,75240,985040,56.0,2,2019,3763839058.15,0.008008856853461532,Slight or No change
436,EQ,HDFCBANK,2019-02-12,2139.65,2138.0,2148.0,2124.8,       2130.05,2129.7,2137.61,2443097,5222380330.05,140474,1613693,66.05,2,2019,5203063680.9,-0.004650293272264294,Slight or No change
437,EQ,HDFCBANK,2019-02-13,2129.7,2135.55,2155.0,2132.3,       2140.00,2143.45,2146.54,2360187,5066246582.8,110054,1517418,64.29,2,2019,5058942825.15,0.006456308400244248,Slight or No change
438,EQ,HDFCBANK,2019-02-14,2143.45,2140.0,2140.0,2105.6,       2112.00,2110.2,2117.31,1860347,3938937722.7,142536,1120383,60.22,2,2019,3925704239.3999996,-0.015512374909608329,Slight or No change
439,EQ,HDFCBANK,2019-02-15,2110.2,2107.35,2108.1,2078.2,       2100.70,2100.65,2091.52,2104131,4400828253.75,89754,1316023,62.54,2,2019,4420042785.150001,-0.004525637380342951,Slight or No change
440,EQ,HDFCBANK,2019-02-18,2100.65,2106.8,2118.0,2086.0,       2089.70,2089.9,2098.16,1784686,3744564837.75,74022,1166319,65.35,2,2019,3729815271.4,-0.005117463642205999,Slight or No change
441,EQ,HDFCBANK,2019-02-19,2089.9,2089.7,2108.15,2078.2,       2083.45,2084.05,2095.84,1317159,2760560754.0,76740,794974,60.36,2,2019,2745025213.9500003,-0.0027991769941144717,Slight or No change
442,EQ,HDFCBANK,2019-02-20,2084.05,2088.5,2111.0,2081.9,       2109.00,2108.35,2095.02,1223125,2562466713.25,74227,678764,55.49,2,2019,2578775593.75,0.011659988963796275,Slight or No change
443,EQ,HDFCBANK,2019-02-21,2108.35,2101.7,2119.95,2093.6,       2115.70,2115.9,2106.26,1315386,2770549994.85,66123,737862,56.09,2,2019,2783225237.4,0.003580999359688919,Slight or No change
444,EQ,HDFCBANK,2019-02-22,2115.9,2119.4,2128.1,2089.1,       2091.00,2091.45,2099.68,2222677,4666916025.0,91486,1580811,71.12,2,2019,4648617811.65,-0.011555366510704768,Slight or No change
445,EQ,HDFCBANK,2019-02-25,2091.45,2095.15,2129.95,2095.15,       2123.00,2125.4,2113.52,2035149,4301319701.45,101852,1337157,65.7,2,2019,4325505684.6,0.016232757178034518,Slight or No change
446,EQ,HDFCBANK,2019-02-26,2125.4,2111.25,2125.0,2101.1,       2109.00,2110.65,2113.91,2401857,5077309232.0,80521,1419919,59.12,2,2019,5069479477.05,-0.006939870142090854,Slight or No change
447,EQ,HDFCBANK,2019-02-27,2110.65,2116.1,2124.45,2088.15,       2093.00,2092.25,2099.89,1757523,3690596308.9,78384,885846,50.4,2,2019,3677177496.75,-0.008717693601497212,Slight or No change
448,EQ,HDFCBANK,2019-02-28,2092.25,2093.1,2105.85,2073.2,       2076.90,2077.55,2089.8,2911344,6084140082.45,85218,1874085,64.37,2,2019,6048462727.200001,-0.007025929023778188,Slight or No change
449,EQ,HDFCBANK,2019-03-01,2077.55,2086.25,2100.9,2077.0,       2080.00,2083.35,2087.11,2338232,4880142636.85,106043,1494433,63.91,3,2019,4871355637.2,0.0027917498977159116,Slight or No change
450,EQ,HDFCBANK,2019-03-05,2083.35,2088.9,2111.1,2070.0,       2107.00,2107.1,2085.84,2959319,6172679648.4,169911,1989745,67.24,3,2019,6235581064.9,0.011399908800729497,Slight or No change
451,EQ,HDFCBANK,2019-03-06,2107.1,2110.0,2110.3,2090.55,       2103.15,2104.25,2098.7,2114511,4437716881.25,91985,1439516,68.08,3,2019,4449459771.75,-0.0013525698827772104,Slight or No change
452,EQ,HDFCBANK,2019-03-07,2104.25,2109.6,2130.0,2095.0,       2125.20,2126.5,2112.14,2551213,5388507260.25,104364,1661976,65.14,3,2019,5425154444.5,0.010573838659855062,Slight or No change
453,EQ,HDFCBANK,2019-03-08,2126.5,2115.05,2130.0,2109.45,       2129.00,2128.2,2118.36,1763365,3735433351.4,102091,1091867,61.92,3,2019,3752793392.9999995,0.0007994356924523327,Slight or No change
454,EQ,HDFCBANK,2019-03-11,2128.2,2132.0,2143.7,2122.2,       2127.50,2128.45,2131.9,2306027,4916219772.55,81824,1521179,65.97,3,2019,4908263168.15,0.00011747016257879217,Slight or No change
455,EQ,HDFCBANK,2019-03-12,2128.45,2147.0,2175.0,2137.0,       2168.00,2171.0,2154.73,3774323,8132629564.25,119425,2437537,64.58,3,2019,8194055233.0,0.019991073316263153,Slight or No change
456,EQ,HDFCBANK,2019-03-13,2171.0,2175.0,2234.0,2172.1,       2229.00,2226.55,2206.86,14291587,31539499506.0,226692,10926747,76.46,3,2019,31820933034.850002,0.025587286964532607,Slight or No change
457,EQ,HDFCBANK,2019-03-14,2226.55,2244.85,2247.5,2210.6,       2223.05,2224.75,2225.44,3844966,8556754695.15,136351,2318618,60.3,3,2019,8554088108.5,-0.0008084255911613436,Slight or No change
458,EQ,HDFCBANK,2019-03-15,2224.75,2231.0,2259.9,2228.05,       2258.00,2253.0,2247.38,3190772,7170888264.5,155151,1979190,62.03,3,2019,7188809316.0,0.01269805596134388,Slight or No change
459,EQ,HDFCBANK,2019-03-18,2253.0,2261.9,2291.65,2247.0,       2270.00,2261.45,2266.32,3589680,8135378380.9,186267,2144212,59.73,3,2019,8117881835.999999,0.0037505548158009994,Slight or No change
460,EQ,HDFCBANK,2019-03-19,2261.45,2269.5,2275.9,2251.0,       2268.00,2267.75,2262.32,2989498,6763202098.5,149528,2024488,67.72,3,2019,6779434089.5,0.0027858232549913264,Slight or No change
461,EQ,HDFCBANK,2019-03-20,2267.75,2269.0,2300.0,2261.05,       2299.00,2299.0,2287.11,2927998,6696660989.55,154406,1770484,60.47,3,2019,6731467402.0,0.013780178591114467,Slight or No change
462,EQ,HDFCBANK,2019-03-22,2299.0,2300.0,2307.0,2270.8,       2275.10,2276.15,2284.13,7600970,17361577310.25,136216,2085675,27.44,3,2019,17300947865.5,-0.009939103958242712,Slight or No change
463,EQ,HDFCBANK,2019-03-25,2276.15,2260.0,2287.85,2253.0,       2278.00,2281.3,2270.95,2299815,5222754084.55,103519,1528011,66.44,3,2019,5246567959.5,0.002262592535641428,Slight or No change
464,EQ,HDFCBANK,2019-03-26,2281.3,2275.9,2315.0,2272.6,       2313.50,2311.35,2293.76,2946712,6759060898.4,106093,1878614,63.75,3,2019,6810882781.2,0.013172314031473231,Slight or No change
465,EQ,HDFCBANK,2019-03-27,2311.35,2318.55,2328.05,2279.05,       2301.00,2299.45,2306.72,3471325,8007363872.95,186247,2016772,58.1,3,2019,7982138271.249999,-0.005148506284206267,Slight or No change
466,EQ,HDFCBANK,2019-03-28,2299.45,2298.8,2325.0,2287.85,       2308.00,2302.8,2304.15,4888582,11264012692.85,149850,3132999,64.09,3,2019,11257426629.6,0.0014568701211161716,Slight or No change
467,EQ,HDFCBANK,2019-03-29,2302.8,2304.6,2325.0,2294.0,       2316.00,2318.9,2308.98,2986742,6896338338.65,116289,1706050,57.12,3,2019,6925956023.8,0.0069914886225463935,Slight or No change
468,EQ,HDFCBANK,2019-04-01,2318.9,2325.25,2332.0,2304.6,       2306.85,2311.8,2320.63,2411769,5596835494.0,131919,1528605,63.38,4,2019,5575527574.200001,-0.003061796541463546,Slight or No change
469,EQ,HDFCBANK,2019-04-02,2311.8,2320.0,2320.0,2285.45,       2299.00,2294.85,2296.22,2727624,6263235078.1,128611,1622376,59.48,4,2019,6259487936.4,-0.007331949130547688,Slight or No change
470,EQ,HDFCBANK,2019-04-03,2294.85,2292.1,2316.0,2288.25,       2289.00,2292.75,2303.77,1914863,4411401349.85,87245,1110816,58.01,4,2019,4390302143.25,-0.000915092489705116,Slight or No change
471,EQ,HDFCBANK,2019-04-04,2292.75,2292.75,2313.0,2280.0,       2287.80,2283.95,2293.66,2302888,5282042066.4,91238,1254011,54.45,4,2019,5259681047.599999,-0.0038381855849962676,Slight or No change
472,EQ,HDFCBANK,2019-04-05,2283.95,2287.8,2313.75,2282.0,       2310.00,2305.6,2293.19,2087795,4787701075.3,109654,1253299,60.03,4,2019,4813620152.0,0.009479191751132987,Slight or No change
473,EQ,HDFCBANK,2019-04-08,2305.6,2319.0,2322.95,2280.1,       2289.20,2289.4,2298.32,1599533,3676237090.6,84319,911001,56.95,4,2019,3661970850.2000003,-0.007026370575988872,Slight or No change
474,EQ,HDFCBANK,2019-04-09,2289.4,2296.6,2303.0,2267.0,       2290.00,2287.25,2283.13,2694400,6151660741.4,97805,1860351,69.05,4,2019,6162766400.0,-0.000939110684022082,Slight or No change
475,EQ,HDFCBANK,2019-04-10,2287.25,2250.0,2284.0,2231.0,       2236.90,2237.35,2244.54,27032175,60674893006.85,194475,12397749,45.86,4,2019,60480436736.25,-0.021816591977265265,Slight or No change
476,EQ,HDFCBANK,2019-04-11,2237.35,2244.9,2263.0,2236.95,       2258.60,2257.5,2252.26,2198325,4951203521.8,82062,1148516,52.25,4,2019,4962718687.5,0.009006190359130306,Slight or No change
477,EQ,HDFCBANK,2019-04-12,2257.5,2252.1,2272.2,2252.1,       2257.00,2265.25,2262.61,2292611,5187293679.6,107144,1507969,65.78,4,2019,5193337067.75,0.003433001107419731,Slight or No change
478,EQ,HDFCBANK,2019-04-15,2265.25,2270.0,2292.9,2264.35,       2280.30,2288.8,2281.07,2554945,5828016960.0,115323,1827587,71.53,4,2019,5847758116.0,0.010396203509546398,Slight or No change
479,EQ,HDFCBANK,2019-04-16,2288.8,2290.95,2309.9,2280.3,       2307.00,2305.05,2297.97,2068444,4753214286.65,93271,1228448,59.39,4,2019,4767866842.200001,0.007099790283117802,Slight or No change
480,EQ,HDFCBANK,2019-04-18,2305.05,2313.0,2315.05,2288.0,       2293.00,2293.65,2303.58,2653714,6113045771.7,113419,1811847,68.28,4,2019,6086691116.1,-0.004945662783887639,Slight or No change
481,EQ,HDFCBANK,2019-04-22,2293.65,2325.0,2325.0,2261.0,       2266.90,2268.7,2286.36,5245105,11992211756.9,153509,2221248,42.35,4,2019,11899569713.499998,-0.010877858435245247,Slight or No change
482,EQ,HDFCBANK,2019-04-23,2268.7,2277.55,2290.0,2241.6,       2247.30,2245.3,2264.62,3820600,8652194438.25,157421,2121251,55.52,4,2019,8578393180.000001,-0.010314276898664265,Slight or No change
483,EQ,HDFCBANK,2019-04-24,2245.3,2250.0,2283.9,2247.05,       2280.95,2279.75,2263.98,3088532,6992369872.3,168685,1846136,59.77,4,2019,7041080827.0,0.01534316127020885,Slight or No change
484,EQ,HDFCBANK,2019-04-25,2279.75,2286.9,2298.8,2257.95,       2262.25,2263.45,2274.13,4521659,10282833886.8,129865,3059269,67.66,4,2019,10234549063.55,-0.007149906788025073,Slight or No change
485,EQ,HDFCBANK,2019-04-26,2263.45,2265.9,2285.0,2256.9,       2275.80,2280.95,2270.33,2926892,6645017406.0,121538,2070242,70.73,4,2019,6676094307.4,0.0077315602288541285,Slight or No change
486,EQ,HDFCBANK,2019-04-30,2280.95,2285.0,2320.0,2278.4,       2319.00,2317.45,2306.89,3134209,7230268668.8,189638,1946319,62.1,4,2019,7263372647.049999,0.016002104386330318,Slight or No change
487,EQ,HDFCBANK,2019-05-02,2317.45,2323.5,2359.65,2317.5,       2356.00,2355.8,2345.11,4292325,10065974310.35,173788,2770290,64.54,5,2019,10111859235.0,0.016548361345444462,Slight or No change
488,EQ,HDFCBANK,2019-05-03,2355.8,2364.2,2378.0,2356.5,       2365.00,2367.95,2370.96,3087880,7321238483.25,97641,2009621,65.08,5,2019,7311945445.999999,0.005157483657356243,Slight or No change
489,EQ,HDFCBANK,2019-05-06,2367.95,2348.0,2351.9,2317.05,       2327.90,2328.45,2338.56,3437023,8037675313.8,111177,2333530,67.89,5,2019,8002936204.349999,-0.016681095462319773,Slight or No change
490,EQ,HDFCBANK,2019-05-07,2328.45,2351.9,2358.0,2318.0,       2320.10,2322.35,2338.9,2481051,5802928079.35,114540,1326590,53.47,5,2019,5761868789.849999,-0.002619768515536025,Slight or No change
491,EQ,HDFCBANK,2019-05-08,2322.35,2322.55,2323.8,2288.0,       2309.00,2307.25,2304.51,3016052,6950517705.45,101965,1942147,64.39,5,2019,6958785977.0,-0.006502034577044791,Slight or No change
492,EQ,HDFCBANK,2019-05-09,2307.25,2300.0,2300.0,2271.6,       2292.00,2290.9,2287.67,2256931,5163123992.15,129719,1470611,65.16,5,2019,5170403227.900001,-0.0070863582186585505,Slight or No change
493,EQ,HDFCBANK,2019-05-10,2290.9,2291.35,2324.9,2291.35,       2296.50,2296.5,2306.93,2648550,6110007945.3,79307,1542118,58.22,5,2019,6082395075.0,0.002444454144659325,Slight or No change
494,EQ,HDFCBANK,2019-05-13,2296.5,2296.05,2313.35,2280.0,       2287.30,2287.2,2297.73,2767908,6359892195.65,145875,1652663,59.71,5,2019,6330759177.599999,-0.004049640757674777,Slight or No change
